t,theta,omega
0.0,1.0003047170797543,-0.17571494630318485
0.01,0.9985475676167225,-0.06013567751221416
0.02,0.9991020035295101,-0.0656325847220316
0.03,0.9972349159222818,-0.38172133783285744
0.04,0.9914675767728528,-0.44048200290460215
0.05,0.9884252758641896,-0.3057633534269115
0.06,0.9853523097043146,-0.441390487099909
0.07,0.9795974661221915,-0.5784707595870628
0.08,0.9737828945125733,-0.6781545363503128
0.09,0.9660343753951852,-0.6860580307013535
0.1,0.9600617338985463,-0.7283107319839388
0.11,0.9514681607555063,-0.928889737284905
0.12,0.9414839391528481,-0.9484553589879425
0.13,0.9324990535757477,-1.0228192697771163
0.14,0.9210275537573057,-1.2182626871268312
0.15,0.9081337998332112,-1.199001555392222
0.16,0.8970475226494614,-1.2733767988894158
0.17,0.8826662638554228,-1.3164048042601237
0.18,0.8707194265642588,-1.369023571289972
0.19,0.8552857924296233,-1.5392381161276276
0.2,0.8399346642417062,-1.588173507011561
0.21,0.8235223222893922,-1.5556840619488312
0.22,0.8088209830027295,-1.667975558836254
0.23,0.7901628111126671,-1.843821041972788
0.24,0.7719445621632738,-1.8368108303252058
0.25,0.753426594506163,-1.84315315439774
0.26,0.735081499075319,-1.918092150736932
0.27,0.7150647514914243,-2.0211978496007035
0.28,0.6946575420833048,-2.0715904400319047
0.29,0.6736329426907862,-2.046376394110233
0.3,0.6537300142011002,-2.2308997056126714
0.31,0.6290149485785328,-2.3761314005791405
0.32,0.6062073861895174,-2.3163172813947313
0.33,0.5826886029506381,-2.2900946461299334
0.34,0.5604054932669187,-2.297899020676386
0.35000000000000003,0.5367306225371103,-2.4779676077613466
0.36,0.5108461411116918,-2.5841974821821445
0.37,0.4850466728934676,-2.5633026133816834
0.38,0.4595800888440581,-2.4929687597668106
0.39,0.43518729769813136,-2.5264754808428087
0.4,0.4090505792272019,-2.6451462469105813
0.41000000000000003,0.38228437275991967,-2.742610943082621
0.42,0.3541983603655496,-2.7175374960303422
0.43,0.32793362283931304,-2.6900401578549893
0.44,0.30039755720844974,-2.7542629541096666
0.45,0.2728483637571196,-2.7374991665876465
0.46,0.24564757387669675,-2.7938182720354003
0.47000000000000003,0.21697199831641156,-2.8202920786447834
0.48,0.18924173230380117,-2.8329679958391107
0.49,0.16031263839962948,-2.8563733363138644
0.5,0.13211426557752384,-2.8174307514243173
0.51,0.10396402337114306,-2.938715254689953
0.52,0.07333996048372474,-2.901824032213925
0.53,0.045927542726864515,-2.804937328434799
0.54,0.01724121391502871,-2.8673996836301514
0.55,-0.011420450945738564,-2.8360397143663034
0.56,-0.0394795803722974,-2.7307077546370886
0.5700000000000001,-0.06603460603848038,-2.855802807980028
0.58,-0.09659563653189765,-2.8387799172356756
0.59,-0.1228102043831936,-2.836822437794355
0.6,-0.1533320852877848,-2.842034319216408
0.61,-0.1796508907675218,-2.6629191409821953
0.62,-0.20659046810742876,-2.684924113869803
0.63,-0.2333493730449179,-2.676826650056352
0.64,-0.26012700110855586,-2.6646931476340328
0.65,-0.2866432359975986,-2.6964108440918384
0.66,-0.31405521799039265,-2.672163461621844
0.67,-0.34008650523003553,-2.5126466698140835
0.68,-0.3643081513866744,-2.5207070883295906
0.6900000000000001,-0.3905006469966274,-2.5999314315932622
0.7000000000000001,-0.41630678001853966,-2.497084019326543
0.71,-0.44044232738315797,-2.3866939988194567
0.72,-0.46404065999492855,-2.2753249793549095
0.73,-0.48594882697025615,-2.2539525819280612
0.74,-0.5091197116334898,-2.2454733659540267
0.75,-0.5308582942893367,-2.229647215094076
0.76,-0.5537126559353713,-2.171839222808739
0.77,-0.5742950787455116,-2.0354981532715435
0.78,-0.5944226190008023,-2.0534994125823864
0.79,-0.6153650669971593,-1.9790664487875418
0.8,-0.6340039479765531,-1.9272670719439127
0.81,-0.6539104084360376,-1.8882031120445824
0.8200000000000001,-0.6717680102174448,-1.769406280566443
0.8300000000000001,-0.6892985340473665,-1.7599587911392405
0.84,-0.7069671860402293,-1.6085569179710575
0.85,-0.7214696724067877,-1.5481819482844514
0.86,-0.7379308250059184,-1.539646873888671
0.87,-0.7522626098845612,-1.3988117375181162
0.88,-0.7659070597562808,-1.3540599798192403
0.89,-0.779343809480946,-1.295088292982065
0.9,-0.7918088256159221,-1.2593144929709155
0.91,-0.8045300993403643,-1.2134956611780865
0.92,-0.8160787388394838,-1.0844446664223568
0.93,-0.8262189926688115,-1.0742994100327081
0.9400000000000001,-0.8375647270401381,-1.0046442487738503
0.9500000000000001,-0.8463118776442884,-0.8427514083725356
0.96,-0.8544197552075886,-0.7627994870273014
0.97,-0.8615678673848344,-0.6231490272583784
0.98,-0.8668827357527562,-0.6284039347395378
0.99,-0.8741359460796251,-0.5954177447917886
1.0,-0.878791090648592,-0.36969242282831516
1.01,-0.8815297945361914,-0.402187372465896
1.02,-0.8868348380979099,-0.35473939967434376
1.03,-0.8886245825296782,-0.27897918478107897
1.04,-0.8924144217935315,-0.220872490374596
1.05,-0.8930420323371703,-0.0983986668446164
1.06,-0.8943823951304238,-0.02854351074073236
1.07,-0.8936129025519849,0.1430474401827908
1.08,-0.891521446326768,0.05948752426912307
1.09,-0.8924231520666024,0.18396547583442668
1.1,-0.8878421368100794,0.3777915748781737
1.11,-0.8848673205690389,0.30324484723602296
1.12,-0.8817772398653589,0.3454087048312857
1.1300000000000001,-0.8779591464724132,0.5375617145286355
1.1400000000000001,-0.8710260055747863,0.6243842918853773
1.1500000000000001,-0.8654714606347057,0.6604850089811549
1.16,-0.8578163053951632,0.7534543179760362
1.17,-0.8504023742751852,0.8672337893087914
1.18,-0.8404716296089874,0.8580064416893691
1.19,-0.8332422454413978,0.811422197484319
1.2,-0.8242431856593009,1.034502193807434
1.21,-0.8125522015652491,1.1458297975310359
1.22,-0.8013265897086802,1.2118694040904785
1.23,-0.7883148134834395,1.2519169302565487
1.24,-0.7762882511035493,1.238335864494843
1.25,-0.7635480961935426,1.3860892701101406
1.26,-0.7485664657013463,1.3424979054709851
1.27,-0.7366981380841229,1.3785331553486628
1.28,-0.720995802594373,1.5594422560470207
1.29,-0.7055092929631824,1.620152185535055
1.3,-0.688592758883672,1.6450813785508203
1.31,-0.6726076653921661,1.7773107236573367
1.32,-0.6530465444105251,1.8407400798283255
1.33,-0.6357928637955995,1.7330861065810197
1.34,-0.6183848222789048,1.852430467326304
1.35,-0.5987442544490734,2.0333102844063617
1.36,-0.5777186165907775,2.086991639781573
1.37,-0.5570044216534419,2.126829795145749
1.3800000000000001,-0.5351820206878625,2.1929032453846027
1.3900000000000001,-0.5131463567457498,2.0544672233901977
1.4000000000000001,-0.4940926762200585,1.9808338674764663
1.41,-0.4735296793962209,2.0889923460446447
1.42,-0.452312829299166,2.3178190706380164
1.43,-0.4271732979834606,2.3581806446605498
1.44,-0.4051492164059549,2.2933975444296024
1.45,-0.3813053470948685,2.370573829814983
1.46,-0.35773773980965523,2.404887530325258
1.47,-0.3332075964883633,2.5033295448596125
1.48,-0.30767114891246294,2.4602149557935427
1.49,-0.2840032973724924,2.407612250352974
1.5,-0.25951890390540344,2.4303425621927293
1.51,-0.23539644612863778,2.4329165240107358
1.52,-0.21086057342518866,2.5525259724026537
1.53,-0.18434592668058464,2.620033873271179
1.54,-0.15845989595976503,2.66321326351978
1.55,-0.131081661410189,2.568791013167858
1.56,-0.10708407569640783,2.5269816178551254
1.57,-0.08054202905308645,2.5389737245830903
1.58,-0.05630460120474599,2.46382919639102
1.59,-0.031265445125266016,2.5482253917438524
1.6,-0.005340093369868899,2.591339307581774
1.61,0.020561341026369508,2.717395525581555
1.62,0.04900781714176225,2.549788677183033
1.6300000000000001,0.07155711457003021,2.4794878401681837
1.6400000000000001,0.09859757394512596,2.5268015748695847
1.6500000000000001,0.12209314606742196,2.5199180209106826
1.6600000000000001,0.14899593436333966,2.561528388643545
1.67,0.17332371384029238,2.422071930133975
1.68,0.19743737296601868,2.4320140614293635
1.69,0.2219639950688797,2.4026706955954147
1.7,0.245490786877927,2.4236514832766414
1.71,0.27043702473441256,2.3788596440896423
1.72,0.2930679797597199,2.2533050800197163
1.73,0.3155031263348069,2.262012997855427
1.74,0.3383082397168285,2.3371643582820205
1.75,0.3622464135004474,2.3720871850012557
1.76,0.3857499834168536,2.188542937338042
1.77,0.40601727224720824,2.062248064543212
1.78,0.4269949447077179,2.109481685356972
1.79,0.4482069059543477,2.12863984431468
1.8,0.46956774159401155,2.00653484958179
1.81,0.48833760294598355,1.8747599243576403
1.82,0.5070629400811644,1.9540700180509631
1.83,0.5274190033070029,1.8992650610724908
1.84,0.5450482413026142,1.824817089275676
1.85,0.5639153450925164,1.7357059924871159
1.86,0.5797623611523566,1.5532535707520942
1.87,0.5949804165075583,1.5556910737414498
1.8800000000000001,0.6108761826271856,1.717808583846928
1.8900000000000001,0.6293365881844969,1.6682588504124212
1.9000000000000001,0.644241359635434,1.3606938467935272
1.9100000000000001,0.6565504651203674,1.2844107247476089
1.92,0.6699295741303859,1.4083961402297973
1.93,0.6847183879249632,1.2258758925733275
1.94,0.6944470919818525,1.0791761904985648
1.95,0.7063019117349345,1.2186832673290127
1.96,0.7188207573284329,1.08968340994479
1.97,0.7280955799338303,0.9651691801502551
1.98,0.738124140931438,0.9415344911708701
1.99,0.7469262697572477,0.8790352783356568
2.0,0.7557048464981511,0.8720823656142471
2.0100000000000002,0.7643679170695329,0.7127916816873636
2.02,0.7699606801318984,0.6183658120555364
2.0300000000000002,0.7767352333106438,0.4804266318829491
2.04,0.7795692127695576,0.48331871369874335
2.05,0.7864016075846184,0.5084121221954803
2.06,0.7897374552134669,0.3193609126159984
2.07,0.7927888258369384,0.30566810493633056
2.08,0.7958508173121935,0.2810059959897302
2.09,0.7984089457567329,0.2557010983739687
2.1,0.8009648392796729,0.04554205129729638
2.11,0.7993197867826791,-0.01995975910326564
2.12,0.8005656440976076,-0.004384856500600165
2.13,0.7992320896526671,-0.13509836485301463
2.14,0.7978636768005472,-0.11335039637349809
2.15,0.7969650817251972,-0.2146866738905615
2.16,0.7935699433227359,-0.31122835319595055
2.17,0.7907405146612781,-0.43221982398740977
2.18,0.7849255468429875,-0.5684675473674616
2.19,0.779371163713929,-0.5390024622329008
2.2,0.7741454975983295,-0.5568088881836886
2.21,0.7682349859502553,-0.6513062699206387
2.22,0.7611193721999167,-0.8046093179336253
2.23,0.7521427995915829,-0.8087858337225242
2.24,0.7449436555254663,-0.8042860072745697
2.25,0.7360570794460916,-0.8131605878362649
2.2600000000000002,0.728680443768741,-0.9157689688765842
2.27,0.7177417000685601,-1.2294618520415526
2.2800000000000002,0.7040912067279097,-1.2308390067200818
2.29,0.6931249199341584,-1.213753800159786
2.3000000000000003,0.6798161307247139,-1.257880152146953
2.31,0.6679673168912192,-1.212024771935603
2.32,0.6555756352860024,-1.2681445022327864
2.33,0.6426044268465634,-1.465873855235479
2.34,0.626258158181293,-1.5611830415456076
2.35,0.6113807660156514,-1.5928528051951538
2.36,0.59440110207739,-1.5500785264555006
2.37,0.5803791954865415,-1.5716783846881803
2.38,0.5629675343836266,-1.6940479987374566
2.39,0.5464982355117923,-1.7146968714959385
2.4,0.5286735969537079,-1.7489193385849262
2.41,0.5115198487400938,-1.859823968542102
2.42,0.49147711758286594,-1.9278812819696753
2.43,0.47296222310070035,-1.7066744629677402
2.44,0.457343628323511,-1.932103104155555
2.45,0.43432016101758886,-2.1406871569162504
2.46,0.4145298851851858,-1.8596706650553685
2.47,0.39712674771648154,-1.850457821711803
2.48,0.3775207287509498,-2.2337588732397577
2.49,0.3524515702516861,-2.27786687300026
2.5,0.3319633912909444,-2.06745333136357
2.5100000000000002,0.31110250362441466,-2.0651730335878593
2.52,0.29065993061918716,-2.261314845360383
2.5300000000000002,0.26587620671720674,-2.316390142908558
2.54,0.2443321277610158,-2.1501624717267642
2.5500000000000003,0.22287295728267142,-2.222894903357844
2.56,0.19987422969385893,-2.3309011128429074
2.57,0.1762549350258143,-2.315750027006544
2.58,0.15355922915372805,-2.3490768972786453
2.59,0.12927339708024144,-2.3138623528500304
2.6,0.10728198209672751,-2.2603702468117604
2.61,0.08406599214400623,-2.2970356526058304
2.62,0.061341269044610895,-2.3373236922918545
2.63,0.03731951829816915,-2.3107592230863454
2.64,0.01512608458288403,-2.241663906402828
2.65,-0.007513759829887426,-2.3306840876654733
2.66,-0.031487597170425534,-2.340926531388878
2.67,-0.05433229045766508,-2.3045339175335346
2.68,-0.0775782755210963,-2.3064334307581054
2.69,-0.10046095907282725,-2.314627769801578
2.7,-0.1238708309171279,-2.244778863937194
2.71,-0.14535653635157125,-2.2118103546773016
2.72,-0.16810703801067403,-2.134384432163925
2.73,-0.1880442249948499,-2.1177022331797204
2.74,-0.21046108267426858,-2.2624908619234
2.75,-0.2332940422333179,-2.267762464355693
2.7600000000000002,-0.2558163319613825,-2.1976507899574553
2.77,-0.27724705803246713,-1.9948551824941472
2.7800000000000002,-0.29571343561126534,-1.9917180561780565
2.79,-0.31708141915602817,-2.062072893997902
2.8000000000000003,-0.3369548934912233,-2.091124754253581
2.81,-0.35890391424109974,-1.9308688951084712
2.82,-0.37557227139339194,-1.8040518929402758
2.83,-0.3949849520999055,-1.9750094590737035
2.84,-0.4150724605748661,-1.8769246076049093
2.85,-0.43252344425200356,-1.7178811899798028
2.86,-0.44943008437446225,-1.7148524493535788
2.87,-0.4668204932390752,-1.7218644320851055
2.88,-0.4838673730161644,-1.6534926131179049
2.89,-0.4998903455014333,-1.5939692075019458
2.9,-0.5157467571662033,-1.5321719144024435
2.91,-0.5305337837894821,-1.4065603854028623
2.92,-0.5438779648742607,-1.5752704707682703
2.93,-0.5620391932048477,-1.4701706023259575
2.94,-0.5732813769207802,-1.1919598384292378
2.95,-0.5858783899734326,-1.245814210266321
2.96,-0.5981976611261066,-1.2422412914595249
2.97,-0.6107232158026231,-1.2588970517775842
2.98,-0.6233756021616583,-1.061887899770209
2.99,-0.6319609737980272,-0.8630046703006435
3.0,-0.6406356955676712,-1.07042176254269
3.0100000000000002,-0.6533694090488812,-0.9599782935480121
3.02,-0.6598352614386317,-0.795299557787736
3.0300000000000002,-0.6692754002046362,-0.839938005183761
3.04,-0.676634021542307,-0.7674218279319405
3.0500000000000003,-0.684623836763275,-0.6818502062783338
3.06,-0.6902710256678739,-0.487063505172749
3.0700000000000003,-0.69436510686673,-0.49495764834662026
3.08,-0.7001701786348062,-0.45494685931726053
3.09,-0.703464044053075,-0.38227271949862285
3.1,-0.7078156330247787,-0.411884410411929
3.11,-0.7117017322613135,-0.2539308337508075
3.12,-0.7128942496997948,-0.21717555146307177
3.13,-0.716045243290575,-0.1978211301242041
3.14,-0.7168506723022786,-0.12365290186858857
3.15,-0.7185183013279466,-0.05985456333639405
3.16,-0.7180477635690065,0.02315137771421405
3.17,-0.7180552737736624,0.15414769011963614
3.18,-0.7149648097666136,0.14851993462271196
3.19,-0.7150848750812081,0.2264778438472277
3.2,-0.7104352528896689,0.35014628995310915
3.21,-0.7080819492821459,0.38372225777735025
3.22,-0.7027608077341216,0.47439788238651204
3.23,-0.6985939916344155,0.5223080753928855
3.24,-0.6923146462262637,0.5507625126347406
3.25,-0.6875787413817207,0.4434159563628697
3.2600000000000002,-0.6834463270990062,0.6337419584844639
3.27,-0.6749039022120317,0.7534441856043728
3.2800000000000002,-0.6683774433869188,0.7698675668117616
3.29,-0.6595065508757966,0.9847073558061723
3.3000000000000003,-0.6486832962707954,0.9657458298584913
3.31,-0.6401916342786265,0.8543256848620011
3.3200000000000003,-0.6315967825735553,0.9384275574094154
3.33,-0.6214230831304381,1.1128296590259055
3.34,-0.6093401893930377,1.1204058742623246
3.35,-0.5990149656451917,1.1486585745553484
3.36,-0.5863670179019308,1.3125451884027477
3.37,-0.5727640618771367,1.3786093073700592
3.38,-0.5587948317545296,1.3521548815430044
3.39,-0.5457209642462767,1.2138310349882815
3.4,-0.5345182110547638,1.4185510821018497
3.41,-0.5173499426042394,1.5982651921390776
3.42,-0.5025529072119822,1.5305745818226306
3.43,-0.48673845096778673,1.6459303579804896
3.44,-0.4696343000523724,1.4870646910249192
3.45,-0.4569971571472885,1.5412840838101438
3.46,-0.43880861837616975,1.8235672780189347
3.47,-0.4205258115869097,1.6789801325050817
3.48,-0.40522901572606795,1.8087884103769056
3.49,-0.38435004337937134,1.8964050127578744
3.5,-0.3673009154709102,1.8001026276405447
3.5100000000000002,-0.3483479908265603,1.8155141516295537
3.52,-0.33099063243831905,1.8899439365492388
3.5300000000000002,-0.31054911209557534,2.000811635057966
3.54,-0.29097439973715966,1.9151552857912737
3.5500000000000003,-0.2722460063797499,1.925910138903543
3.56,-0.25245619695908883,1.9909090789197528
3.5700000000000003,-0.2324278248013548,1.9535313345182956
3.58,-0.21338557026872282,2.0048211847990736
3.59,-0.1923314011053742,2.076418005155876
3.6,-0.1718572101656053,2.0806341368872125
3.61,-0.15071871836762993,2.123420812732541
3.62,-0.12938879391095442,2.003705975393822
3.63,-0.11064459885975333,2.02737013149176
3.64,-0.08884139128111905,2.2162396294513464
3.65,-0.0663198062707264,2.061783362398655
3.66,-0.04760572403314608,1.97886843193149
3.67,-0.02674243763209665,2.1405840243328527
3.68,-0.004794043546488945,2.1737759538414605
3.69,0.01673308144473262,2.0759994655856855
3.7,0.03672594576522474,2.1028410019020756
3.71,0.05878990148277407,2.1119439600830443
3.72,0.07896482496688559,2.0344015334708696
3.73,0.09947793215219149,2.0307524373529957
3.74,0.11957987371394552,2.105375562470491
3.75,0.14158544340160126,1.9764125400506467
3.7600000000000002,0.1591081245149583,1.7792302498460977
3.77,0.17717004839852324,2.0658175148008135
3.7800000000000002,0.20042447481097483,2.0303657628246405
3.79,0.21777736365501635,1.8541791378347785
3.8000000000000003,0.23750805756767054,1.9915039516097277
3.81,0.2576074426872109,1.790023548639395
3.8200000000000003,0.2733085285404583,1.7181303367812788
3.83,0.2919700494228364,1.8151946692404515
3.84,0.30961242192526656,1.8052972578192747
3.85,0.328075994579222,1.8500894183660197
3.86,0.34661421029258693,1.7779528262315303
3.87,0.3636350511038525,1.6662574671862203
3.88,0.3799393596363114,1.5383880034312902
3.89,0.3944028111724783,1.4651731342934724
3.9,0.40924282232218084,1.6258455327117147
3.91,0.4269197218267127,1.6015725535766983
3.92,0.441274273393715,1.4860657685245613
3.93,0.45664103719720395,1.4793539285676403
3.94,0.47086135196506784,1.3582152042241695
3.95,0.4838053412816873,1.3295966169704485
3.96,0.49745328430447683,1.2825201690017138
3.97,0.5094557446617215,1.2166796437841256
3.98,0.5217868771801594,1.1306861426925927
3.99,0.5320694675155733,1.0901383591414877
4.0,0.5435896443629891,1.1180394603703299
4.01,0.5544302567229794,1.0694804087541137
4.0200000000000005,0.5649792525380718,0.9356741252693475
4.03,0.573143739228367,0.8952372125822805
4.04,0.582883996789717,0.8609429457737257
4.05,0.5903625981438412,0.7663507350428453
4.0600000000000005,0.5982110114905742,0.7962468614835458
4.07,0.6062875353735125,0.590408765251393
4.08,0.6100191867956019,0.5201623125515304
4.09,0.6166907816245429,0.5939128932307334
4.1,0.6218974446602162,0.45810783423736723
4.11,0.6258529383092902,0.49150412465571947
4.12,0.6317275271533308,0.5466093623321413
4.13,0.6367851255559328,0.35313895410794416
4.14,0.6387903062354895,0.24682366600721295
4.15,0.6417215988760773,0.2840282618468457
4.16,0.6444708714724267,0.21277527622990533
4.17,0.6459771044006754,0.03941851329620505
4.18,0.6452592417383507,0.039844162927835214
4.19,0.6467739876592321,-0.01194881335555209
4.2,0.6450202654712399,-0.18787071006116918
4.21,0.6430165734580089,-0.1707951551079745
4.22,0.6416043623690805,-0.2266651722202795
4.23,0.6384832700136029,-0.26707826473590757
4.24,0.6362627970743623,-0.253939485323162
4.25,0.6334044803071398,-0.2828906511375173
4.26,0.630604984051612,-0.3206322947775888
4.2700000000000005,0.6269918344115877,-0.5905855574690797
4.28,0.6187932729022306,-0.6039972192575291
4.29,0.6149118900264373,-0.5763450294156165
4.3,0.6072663723139186,-0.6446308474083402
4.3100000000000005,0.6020192730782703,-0.6579661736086031
4.32,0.5941070488417465,-0.8727978591269974
4.33,0.5845633158957307,-0.7579378487879431
4.34,0.578948291865988,-0.8022584111921383
4.3500000000000005,0.5685181476718871,-0.9885141590827189
4.36,0.5591780086843331,-0.9896431843934863
4.37,0.5487252839840178,-1.0225234007553894
4.38,0.5387275406692258,-0.9907647794412568
4.39,0.5289099883951931,-1.0905283486283892
4.4,0.5169169736966572,-1.1658124672308574
4.41,0.5055937390505754,-1.1792475383241765
4.42,0.4933320229301742,-1.201991397369408
4.43,0.4815539111031877,-1.3303897177867938
4.44,0.4667242285744374,-1.4773173105765913
4.45,0.4520075648916552,-1.307898686236257
4.46,0.44056625484971285,-1.360705844604393
4.47,0.424793447999568,-1.4537451486029838
4.48,0.4114913518776527,-1.457020496172504
4.49,0.3956530380761175,-1.5901578332246764
4.5,0.3796881952131598,-1.5631131094516881
4.51,0.3643907758870844,-1.489138074291823
4.5200000000000005,0.3499054337273227,-1.5370144136983086
4.53,0.3336504876131178,-1.7464817026195831
4.54,0.3149757996749318,-1.7762081240783338
4.55,0.29812632513155185,-1.6564572949545884
4.5600000000000005,0.28184665377583923,-1.7817476982890472
4.57,0.26249137116577037,-1.7914899413427072
4.58,0.24601685494898584,-1.7344375542452255
4.59,0.2278026200808666,-1.795699471267815
4.6000000000000005,0.21010286552362872,-1.852646661239886
4.61,0.19074968685606822,-1.9231894611833606
4.62,0.1716390762999623,-1.9039532445948462
4.63,0.1526706219641721,-1.8305309178354436
4.64,0.13502845794325422,-1.7838012017365843
4.65,0.11699459792943954,-1.8318906661572019
4.66,0.09839064462010941,-1.7600940261063016
4.67,0.08179271740731427,-1.814922741531059
4.68,0.062092189789488994,-2.0330425411333133
4.69,0.04113186658464693,-1.9273851199234247
4.7,0.02354448739101932,-1.8613128979950258
4.71,0.0039056086247472115,-1.918456257619396
4.72,-0.01482463776136778,-1.8532161951312665
4.73,-0.033158715277878933,-1.8318362452860992
4.74,-0.05146136266709062,-1.8956098726799544
4.75,-0.07107091273147721,-1.8377035996340991
4.76,-0.08821543465977183,-1.8888160554391349
4.7700000000000005,-0.10884723384026108,-1.8884878453142884
4.78,-0.12598519156605878,-1.6337456952617142
4.79,-0.14152214774549468,-1.7931854596900303
4.8,-0.1618489007598586,-1.8437219972770134
4.8100000000000005,-0.17839658769103545,-1.7717321109124224
4.82,-0.19728354297810768,-1.7856078655720395
4.83,-0.21410874500247548,-1.7264080039292242
4.84,-0.23181170305669144,-1.730732099460793
4.8500000000000005,-0.24872338699169205,-1.7018785419452094
4.86,-0.2658492738955964,-1.607361636248715
4.87,-0.28087061971666566,-1.6116746231206776
4.88,-0.2980827663580093,-1.565454521909892
4.89,-0.31217971015486284,-1.4480087691078047
4.9,-0.32704294174016607,-1.525971302909042
4.91,-0.3426991362130444,-1.54435433959776
4.92,-0.35793002853212064,-1.434808032835626
4.93,-0.37139529686975625,-1.402399332701794
4.94,-0.3859780151861572,-1.3380465398014891
4.95,-0.39815622766578695,-1.397911833316293
4.96,-0.41393625185248245,-1.343837474524527
4.97,-0.4250329771562769,-1.2456625554646479
4.98,-0.4388495029617761,-1.2520383241323678
4.99,-0.4500737436389251,-0.9817191508441354
5.0,-0.4584838859786584,-0.9843945414239741
5.01,-0.46976163446740415,-1.1616476229329997
5.0200000000000005,-0.481716838437319,-1.1301112261465747
5.03,-0.49236385899033636,-1.074451114587891
5.04,-0.5032058607290764,-0.86549868163738
5.05,-0.5096738326230836,-0.5947837347122338
5.0600000000000005,-0.5151015354233212,-0.765078178834365
5.07,-0.524975396199771,-0.9124001046425647
5.08,-0.5333495375161721,-0.7107847850079629
5.09,-0.5391910918999299,-0.7108009366201031
5.1000000000000005,-0.5475655562485746,-0.6468850113492834
5.11,-0.5521287921269162,-0.4734253279313698
5.12,-0.5570340628072018,-0.4932702961289124
5.13,-0.5619941980494942,-0.4164042765507432
5.14,-0.5653621483382165,-0.37639618043576206
5.15,-0.5695221216582097,-0.35101329403270753
5.16,-0.572382414218871,-0.3434577385987829
5.17,-0.5763912764301852,-0.2270327855834644
5.18,-0.5769230699305402,-0.06913098790933958
5.19,-0.5777738961883719,-0.224724952933947
5.2,-0.581417568989219,-0.2033819170967881
5.21,-0.5818415345303076,0.09157724175450355
5.22,-0.579586024154129,0.06493112413252433
5.23,-0.5805429120476573,0.08729828058938338
5.24,-0.5778400585423417,0.1250173636126206
5.25,-0.5780425647754049,0.19366405565809686
5.26,-0.5739667774291798,0.2731229335182128
5.2700000000000005,-0.5725801061050407,0.23764088368641012
5.28,-0.5692139597554516,0.42189178899762325
5.29,-0.5641422703250885,0.37161500386179824
5.3,-0.5617816596782158,0.3292918254463295
5.3100000000000005,-0.5575564338161615,0.5017448190580645
5.32,-0.5517467632970545,0.6267375335671304
5.33,-0.5450216831448191,0.5516125046279008
5.34,-0.5407145132044967,0.6665116425330524
5.3500000000000005,-0.5316914502941573,0.7577094998133802
5.36,-0.5255603232082285,0.7802530267524155
5.37,-0.5160863897591094,0.709555565412689
5.38,-0.5113692118999751,0.7523711576340233
5.39,-0.5010389666064292,0.9303534800339257
5.4,-0.49276214229929627,0.9379159485429405
5.41,-0.4822806476355702,1.0805503038640651
5.42,-0.47115113622201543,1.059095158374351
5.43,-0.4610987444680837,1.0434989444032823
5.44,-0.4502811573339492,1.1102117332379322
5.45,-0.4388945098033247,1.1715066292470055
5.46,-0.42685102474900954,1.144407378635517
5.47,-0.41600636223061477,1.2489801575245458
5.48,-0.4018714215985177,1.3434291242228191
5.49,-0.3891377797461577,1.2790904137697403
5.5,-0.37628961332312344,1.3240039492492102
5.51,-0.36265770076117404,1.3576655155496269
5.5200000000000005,-0.3491363030121302,1.4674477886981094
5.53,-0.3333087449872114,1.4043898034431805
5.54,-0.3210485069432672,1.3351045218341042
5.55,-0.30660665455052993,1.4461219192712917
5.5600000000000005,-0.29212606855784057,1.4689821514555401
5.57,-0.27722701152141854,1.505039727002659
5.58,-0.262025274017788,1.559636283979323
5.59,-0.24603428584183273,1.632540917090541
5.6000000000000005,-0.22937445567597636,1.6548885379786107
5.61,-0.21293651508225975,1.6181838319034405
5.62,-0.19701077903790826,1.573918194983861
5.63,-0.18145815118258318,1.6866190438105857
5.64,-0.16327839816169726,1.7330937036346326
5.65,-0.14679627710988988,1.6169382210248253
5.66,-0.13093963374119996,1.6107831395194037
5.67,-0.11458061431950249,1.724641251356963
5.68,-0.09644680871406143,1.7384699164185098
5.69,-0.07981121599113163,1.60211777743922
5.7,-0.0644044531652762,1.6929820541763445
5.71,-0.045951574907605465,1.7934181995646314
5.72,-0.028536089173984334,1.6667326953311672
5.73,-0.01261692100098148,1.7033772394705429
5.74,0.005531455615427108,1.676140963263797
5.75,0.020905898264293742,1.7563490070088186
5.76,0.040658435755602726,1.8275110407755955
5.7700000000000005,0.05745611907980623,1.604465799799439
5.78,0.07274775175159238,1.6293861820184659
5.79,0.09004384272017486,1.5541416199535365
5.8,0.10383058415066246,1.5734179104521013
5.8100000000000005,0.12151220092921795,1.7411498818418103
5.82,0.13865358178749954,1.6237936454363435
5.83,0.15398807383794413,1.652579280516056
5.84,0.17170516739781996,1.7366189460302603
5.8500000000000005,0.18872045275855004,1.4680051757398118
5.86,0.20106527091261733,1.3986992641138034
5.87,0.2166944380408255,1.5874371460609868
5.88,0.2328140138338364,1.6142168541423487
5.89,0.24897877512367178,1.3924497295448521
5.9,0.26066300842473367,1.369430899801662
5.91,0.2763673931197053,1.5605955954672268
5.92,0.2918749203340775,1.2829741568425064
5.93,0.3020268762565549,1.1912643956446534
5.94,0.3157002082469714,1.3749681470824822
5.95,0.32952623919820523,1.3176130726877968
5.96,0.34205246970072684,1.3063206804280831
5.97,0.35565265280676633,1.2464786330322362
5.98,0.3669820423613719,1.0418206358762454
5.99,0.3764890655242919,1.1467374986288519
6.0,0.38991679233394844,1.1538328169137735
6.01,0.3995657218625669,1.091927673636448
6.0200000000000005,0.41175534580667805,1.0106320041403336
6.03,0.41977836194537443,0.8759262924918261
6.04,0.4292738716565142,0.987488681209868
6.05,0.4395281355695714,0.9558733921423546
6.0600000000000005,0.44839133949936155,0.8374004934329768
6.07,0.4562761454382314,0.675135887794351
6.08,0.4618940572552483,0.7569649218967065
6.09,0.47141544387616524,0.7393767882265259
6.1000000000000005,0.4766815930197787,0.6455889506249584
6.11,0.48432722288866464,0.5949705699816299
6.12,0.488581004419411,0.5784121509232278
6.13,0.49589546590712896,0.5516356869244561
6.140000000000001,0.49961371815789996,0.38679071226139783
6.15,0.5036312801523571,0.5013097734242322
6.16,0.5096399136263844,0.45319372358027366
6.17,0.5126951546239624,0.2619715829678917
6.18,0.5148793452857421,0.33996057930075807
6.19,0.5194943662099779,0.2390633301043259
6.2,0.5196606118878292,0.11019766256213614
6.21,0.5216983194612206,0.1672745339143944
6.22,0.523006102566117,0.04979353503430417
6.23,0.5226941901619064,0.04307033547665995
6.24,0.5238675092756502,-0.012112100031774986
6.25,0.5224519481612709,-0.10985238613915627
6.26,0.5216704615528671,-0.020058638482062463
6.2700000000000005,0.5220507753916297,-0.19526931639707712
6.28,0.517765075224926,-0.40131038313625567
6.29,0.5140245677289047,-0.128389102692271
6.3,0.5151972931710807,-0.06094453019797186
6.3100000000000005,0.5128056771249448,-0.45755356862756713
6.32,0.5060462217985295,-0.6283034415048085
6.33,0.5002396082948489,-0.4460162917149546
6.34,0.4971258959642306,-0.4144436971539527
6.3500000000000005,0.4919507343517694,-0.5365737747166257
6.36,0.48639442046989795,-0.628945753214726
6.37,0.47937181928747513,-0.5934073070099934
6.38,0.4745262743296983,-0.593539136423626
6.390000000000001,0.4675010365590021,-0.8218928431086887
6.4,0.45808841746752443,-0.7513788345799881
6.41,0.45247345986740267,-0.6237868848296628
6.42,0.44561267977093144,-0.8678361431821102
6.43,0.43511673700376086,-1.0007983401751375
6.44,0.42559671296742824,-0.9360971320402385
6.45,0.4163947943629557,-0.9109548450980505
6.46,0.40737761606546763,-1.075257626113153
6.47,0.3948896418406931,-1.0546344659504392
6.48,0.3862849267464587,-1.0003458403538303
6.49,0.3748827250336163,-1.0174190853028158
6.5,0.3659365450404028,-1.1239517479331873
6.51,0.35240369007495304,-1.1758510300189116
6.5200000000000005,0.34241952444002427,-1.24430416566166
6.53,0.3275176067617197,-1.2816839665671154
6.54,0.31678584510868246,-1.1851488555419518
6.55,0.30381462965088113,-1.3565725790322265
6.5600000000000005,0.2896543935280372,-1.3170782288717575
6.57,0.2774730650734452,-1.230861301759452
6.58,0.26503716749284867,-1.3836728160137497
6.59,0.2497996087531708,-1.5261949659620697
6.6000000000000005,0.23451326817360654,-1.386671974915167
6.61,0.2220661692548666,-1.3821454418076602
6.62,0.20687035933745393,-1.456098212462054
6.63,0.19294420500562612,-1.4156237275569445
6.640000000000001,0.17855788478631432,-1.5401779573009193
6.65,0.16214064585960722,-1.5625749472256167
6.66,0.14730638584180264,-1.3888280301948521
6.67,0.13436408525571078,-1.4543645163880328
6.68,0.11821909551404261,-1.67057593796022
6.69,0.10095256649650548,-1.4604789008030936
6.7,0.08900951749797961,-1.3899921817661358
6.71,0.07315272286118336,-1.611206737591337
6.72,0.056785382746153565,-1.6190467488207898
6.73,0.04077178788476684,-1.464291209502872
6.74,0.027499558556095212,-1.4590654821241136
6.75,0.011590478242285191,-1.463999541130367
6.76,-0.0017804322665115006,-1.5351532448957013
6.7700000000000005,-0.019112586655629895,-1.634212718893503
6.78,-0.03446468664438249,-1.5580385294980326
6.79,-0.05027335724558988,-1.4999119193609458
6.8,-0.06446292503160077,-1.4729412513112492
6.8100000000000005,-0.07973218227181564,-1.4804898909038493
6.82,-0.09407272284967853,-1.5477978701832082
6.83,-0.11068813967547915,-1.5616444688572342
6.84,-0.12530561222682254,-1.4605830906164279
6.8500000000000005,-0.13989980148780837,-1.3854112923976327
6.86,-0.153013838074776,-1.3305225747767162
6.87,-0.16651025298334213,-1.4732258866713135
6.88,-0.18247835580820163,-1.4869467106136174
6.890000000000001,-0.19624918719561496,-1.3309127365009576
6.9,-0.2090966105382215,-1.3381267132463748
6.91,-0.2230117214605419,-1.2914721758481225
6.92,-0.2349260540551834,-1.3987660181630623
6.93,-0.25098704182380255,-1.3613235418537002
6.94,-0.26215252489225754,-1.171689672385119
6.95,-0.2744208352715054,-1.2914897052598011
6.96,-0.287982318997453,-1.1964206109283175
6.97,-0.29834924749007125,-1.086580358907911
6.98,-0.3097139261756118,-1.08714860072687
6.99,-0.32009221950460925,-0.9912838027380868
7.0,-0.32953960223037304,-1.0613075805026781
7.01,-0.3413183711146624,-1.1317494917351212
7.0200000000000005,-0.3521745920650759,-0.9796623772750088
7.03,-0.36091161866016325,-0.8486575660219877
7.04,-0.36914774338551526,-0.961557240774809
7.05,-0.380142763475659,-0.9761717499917602
7.0600000000000005,-0.38867117838535065,-0.7634461074168328
7.07,-0.39541168562399626,-0.7669224102621186
7.08,-0.40400962659059264,-0.7573932475212395
7.09,-0.41055955057442073,-0.711221238166921
7.1000000000000005,-0.4182340513539315,-0.6780395635280776
7.11,-0.4241203418449828,-0.6903571732187856
7.12,-0.4320411948183069,-0.6329615583492121
7.13,-0.43677957301196674,-0.5135418672229655
7.140000000000001,-0.44231203216276643,-0.5719844590902134
7.15,-0.4482192621937713,-0.5360593116466958
7.16,-0.4530332183957001,-0.32960373479221516
7.17,-0.45481133688961545,-0.3200124724244553
7.18,-0.4594334678441891,-0.4217275865683696
7.19,-0.4632458886209829,-0.27905632245557754
7.2,-0.465014594293301,-0.13957756766466645
7.21,-0.4660374399742762,-0.31149380774057533
7.22,-0.47124447044811235,-0.2885950371072461
7.23,-0.47180934071642083,-0.04453599863336777
7.24,-0.47213519042077984,0.0803786364118757
7.25,-0.4702017679881833,0.03761334174647146
7.26,-0.47138292358585043,-0.012613066258349903
7.2700000000000005,-0.47045402931335006,-0.004475754788323627
7.28,-0.47147243868161676,0.016694738583836966
7.29,-0.4701201345416733,0.23455885710313495
7.3,-0.4667812615395542,0.2578731915316901
7.3100000000000005,-0.4649626707110394,0.24750416529627017
7.32,-0.4618311782336288,0.27324139420755245
7.33,-0.4594978428268885,0.31464802502224387
7.34,-0.45553821773318404,0.38766302438645894
7.3500000000000005,-0.45174458233915904,0.43723726442373945
7.36,-0.4467934724447092,0.48627140042306394
7.37,-0.44201915433069794,0.37507127486428615
7.38,-0.43929204694742363,0.3828774919785829
7.390000000000001,-0.4343616044911259,0.7067866907474425
7.4,-0.42515631313247493,0.7870109995354255
7.41,-0.4186213845004177,0.5531040120246473
7.42,-0.4140942328919822,0.5401757546476667
7.43,-0.4078178694074646,0.7862028605567026
7.44,-0.39837017568084737,0.9067192923656116
7.45,-0.389683483560152,0.8883433024396972
7.46,-0.3806033096320538,0.8181466669207964
7.47,-0.37332055022173644,0.7650598077244872
7.48,-0.36530211347756364,0.8368635259707133
7.49,-0.3565832797023219,0.959425411144629
7.5,-0.3461136052546715,1.001979503950789
7.51,-0.33654368962330655,0.9520311759470026
7.5200000000000005,-0.32707298173573096,1.150845423882716
7.53,-0.31352678114565213,1.2025244456007051
7.54,-0.30302249282371735,1.044891070807692
7.55,-0.29262895972949876,0.9821494441984591
7.5600000000000005,-0.2833795039397478,1.1291976684660163
7.57,-0.2700450063601783,1.2459111274075703
7.58,-0.25846128139159696,1.170705762187751
7.59,-0.24663089111642378,1.2440421709167317
7.6000000000000005,-0.2335804379732616,1.2441255166761245
7.61,-0.22174838078290063,1.2286435449268804
7.62,-0.2090075670747245,1.2725071633866936
7.63,-0.19629823751516728,1.2694006401800042
7.640000000000001,-0.18361955427112384,1.1838589626713922
7.65,-0.17262105826173876,1.3062581426708304
7.66,-0.1574943914177078,1.393834132934746
7.67,-0.14474437560304446,1.2766308473010373
7.68,-0.13196177447168758,1.4676277469957224
7.69,-0.11539182066312897,1.5156601482887497
7.7,-0.10164857150591164,1.357157521956327
7.71,-0.08824867022400301,1.3062555185494
7.72,-0.0755234611349242,1.3847707629585546
7.73,-0.06055325496483108,1.3769074056486583
7.74,-0.04798531302195019,1.334158192185442
7.75,-0.033870091121122804,1.3373871381832887
7.76,-0.02123757025828499,1.402126790916614
7.7700000000000005,-0.005827555302789627,1.4485139487630931
7.78,0.007732708716977704,1.3029035055467666
7.79,0.02023051480814515,1.3780420439387957
7.8,0.03529354959575303,1.4391840975102264
7.8100000000000005,0.04901419675835021,1.4635842402983008
7.82,0.06456523440171957,1.4116537381413572
7.83,0.07724727152117675,1.2641733129568413
7.84,0.08984870066085586,1.3104528709049044
7.8500000000000005,0.10345632893927552,1.3323404860218604
7.86,0.11649551038129374,1.2948382643271028
7.87,0.12935309422581703,1.2465660910533387
7.88,0.14142683220236,1.2897297947740682
7.890000000000001,0.15514769012129911,1.286965962884067
7.9,0.1671661514600421,1.196983694090398
7.91,0.17908736400310657,1.295405104931751
7.92,0.19307425355867658,1.2940155264670334
7.930000000000001,0.20496767453244763,1.0752529843481273
7.94,0.21457931324563986,1.141490766889783
7.95,0.22779748987024281,1.2821836327697618
7.96,0.24022298590103455,1.1768800659293106
7.97,0.2513350911888285,1.092924531974388
7.98,0.2620814765405227,1.0133747532895807
7.99,0.27160258625462075,0.9432330558777604
8.0,0.2809461376580775,0.952094525410919
8.01,0.2906444767628387,1.038177288325997
8.02,0.30170968342459703,1.0213772144150148
8.03,0.31107202105113857,0.9640040795930975
8.040000000000001,0.32098976501646037,0.9206904094634005
8.05,0.3294858292404081,0.780655419374618
8.06,0.33660287340395245,0.7006345883508125
8.07,0.343498521007424,0.7739850609391539
8.08,0.3520825746227352,0.821202699131522
8.09,0.35992257499005414,0.7181428530564666
8.1,0.36644543168386423,0.6360973711110383
8.11,0.3726445224122746,0.6616072590160549
8.120000000000001,0.37967757686418635,0.6050463212466966
8.13,0.3847454488372096,0.5193201902764315
8.14,0.39006398066971476,0.5657262398873009
8.15,0.39605997363495543,0.4974592639743811
8.16,0.4000131659492022,0.4436421042338452
8.17,0.40493281571963213,0.4413195125772269
8.18,0.4088395562007465,0.29867154528525575
8.19,0.4109062466253371,0.2901950244559828
8.2,0.4146434566898661,0.41666933869786504
8.21,0.4192396333992951,0.2135237331221127
8.22,0.4189139313523095,0.02950770331184316
8.23,0.41982978746553196,0.13185377840386536
8.24,0.4215510069203867,0.23373439357218118
8.25,0.42450447533697544,0.18072189262657545
8.26,0.4251654447729181,0.03846226534774644
8.27,0.4252737206439304,0.0647966072883861
8.28,0.4264613769186858,-0.1621975951465373
8.290000000000001,0.42202976874099846,-0.11536354784545466
8.3,0.42415410596177533,0.09732706513161915
8.31,0.42397631004363084,-0.23039102996962413
8.32,0.419546285362383,-0.29093061223122874
8.33,0.4181576977990064,-0.21459279213630822
8.34,0.4152544295196569,-0.29830028088317917
8.35,0.41219169218134294,-0.2902065221508394
8.36,0.40945029907664027,-0.23410124106991503
8.370000000000001,0.4075096673599444,-0.2803166717955179
8.38,0.4038439656407299,-0.5145895702479812
8.39,0.39721787595498503,-0.46052827986288847
8.4,0.3946334000434723,-0.48236558892133274
8.41,0.3875705641765586,-0.545036488133988
8.42,0.3837326702807927,-0.579897109614965
8.43,0.3759726219842595,-0.6899904398686019
8.44,0.369932861483421,-0.6207070845709524
8.45,0.36355848029284077,-0.525385875428352
8.46,0.3594251439748537,-0.6869194392132236
8.47,0.34982009150857635,-0.9382160620999436
8.48,0.3406608227328552,-0.7699519575165716
8.49,0.33442105235824526,-0.7896820889038807
8.5,0.32486718095477796,-0.9101573353317427
8.51,0.3162179056516108,-0.8030760420778442
8.52,0.3088056601132214,-0.8690067450365238
8.53,0.2988377707508807,-0.9540350271338944
8.540000000000001,0.2897249595705424,-0.949869851367735
8.55,0.2798403737235248,-0.9715528398497284
8.56,0.27029390277354826,-0.9782612554938055
8.57,0.26027514861364914,-1.1357250347533743
8.58,0.24757940207848125,-1.032046033528676
8.59,0.23963422794307604,-1.0175420199836243
8.6,0.2272285616788092,-1.1912491484325773
8.61,0.21580924497442502,-1.0592383416873403
8.620000000000001,0.20604379484506125,-1.0475502836534591
8.63,0.19485823930135468,-1.1728939763765442
8.64,0.18258591531753085,-1.1198880787824557
8.65,0.17246047772570605,-1.2045989659479197
8.66,0.15849393599857298,-1.2478097455194979
8.67,0.1475042828153166,-1.1606089697297213
8.68,0.13528175660397904,-1.1918339120318189
8.69,0.12366760457468075,-1.1768542399570912
8.700000000000001,0.11174467180483558,-1.2771046319967443
8.71,0.09812551193474443,-1.2145724293853357
8.72,0.0874532232171294,-1.189905449801015
8.73,0.07432740293872464,-1.37966844637341
8.74,0.05985985428966178,-1.3541404436536353
8.75,0.04724459406565251,-1.1620771796089722
8.76,0.03661831069748283,-1.170966168720685
8.77,0.02382527069123931,-1.2629793877017015
8.78,0.011358722943449343,-1.2481372518029814
8.790000000000001,-0.0011374743448220094,-1.2394818735690918
8.8,-0.013430914527934202,-1.2040729242061796
8.81,-0.025218932828945086,-1.3153877525755382
8.82,-0.039738669579444406,-1.3490089472309648
8.83,-0.0521991117735638,-1.2353826417747118
8.84,-0.06444632241493811,-1.1552385748318574
8.85,-0.07530388327020046,-1.102145258777198
8.86,-0.08648922759048161,-1.2446090492853226
8.870000000000001,-0.10019606425590903,-1.3842246709918022
8.88,-0.11417372101031947,-1.2475767411152034
8.89,-0.12514759907821257,-1.086315419865242
8.9,-0.13590002940762386,-1.097128615024877
8.91,-0.14709017137870964,-1.1171943399409372
8.92,-0.15824391620644213,-1.0918127521334586
8.93,-0.16892642642137837,-1.0988680019954282
8.94,-0.18022127624635023,-1.034116246991081
8.950000000000001,-0.18960875136120106,-1.0827388400818627
8.96,-0.20187605304798845,-1.138931230252302
8.97,-0.21238737596624663,-0.963413585421673
8.98,-0.22114432475642148,-1.0316559995278514
8.99,-0.2330204959568032,-0.9783371175572331
9.0,-0.24071106710756573,-0.8669477356500064
9.01,-0.250359450669803,-0.9498200960986765
9.02,-0.25970746902953884,-0.8219443187636717
9.03,-0.26679833704507605,-0.8924318569207816
9.040000000000001,-0.27755610616795634,-0.8167865908446714
9.05,-0.2831340688619715,-0.7915087947410839
9.06,-0.29338628206277767,-0.9484739165447795
9.07,-0.3021035471928667,-0.7364367912044472
9.08,-0.3081150178868663,-0.7101323781736326
9.09,-0.31630619475633903,-0.7296266253074926
9.1,-0.32270755039301585,-0.5826910331066966
9.11,-0.3279600154184727,-0.5582752313772197
9.120000000000001,-0.3338730550205611,-0.6413992891367322
9.13,-0.340788001201208,-0.5351900130973029
9.14,-0.34457685528250687,-0.433719010693455
9.15,-0.34946238141507696,-0.465794136642927
9.16,-0.35389273801536525,-0.48482930932171087
9.17,-0.35915896760151095,-0.4219381845307879
9.18,-0.36233150170598083,-0.5033942555888835
9.19,-0.3692268527132884,-0.4312936244188279
9.200000000000001,-0.3709573741943571,-0.26072089731227166
9.21,-0.3744412706595339,-0.25365974567687744
9.22,-0.37603056910789456,-0.22468974409084197
9.23,-0.3789350655413507,-0.21746189390751525
9.24,-0.3803798069860448,-0.044047931776482585
9.25,-0.3798160241768803,-0.13029352172437214
9.26,-0.38298567742053213,-0.16680929274236433
9.27,-0.3831522100317275,-0.05971942926927909
9.28,-0.3841800660059177,-0.03666333354482987
9.290000000000001,-0.3838854767026239,0.028983253384080143
9.3,-0.38360040093823605,0.07248499707931444
9.31,-0.3824357767610376,0.1485230825346342
9.32,-0.3806299392875434,0.1870961001742586
9.33,-0.3786938547575526,0.12078368286253038
9.34,-0.37821426563029287,0.14690394598067158
9.35,-0.3757557758379392,0.162764518006842
9.36,-0.3749589752701561,0.23763561805433753
9.370000000000001,-0.3710030634768516,0.4114695619334654
9.38,-0.3667295840314863,0.3896576137874277
9.39,-0.3632099112011032,0.3401946633447537
9.4,-0.3599256907645914,0.41188445082266867
9.41,-0.35497222218465,0.4585882039285032
9.42,-0.35075392668602157,0.4935871818689854
9.43,-0.3451004785472705,0.5005378485357816
9.44,-0.3407431697153061,0.46494150996159433
9.450000000000001,-0.33580164834803783,0.5765776154046449
9.46,-0.3292116174072127,0.4763601443066179
9.47,-0.3262744454619057,0.6376096792952648
9.48,-0.31645942382130765,0.6287815178685445
9.49,-0.31369881510453507,0.5879938510980587
9.5,-0.30469954679934674,0.9261445364082022
9.51,-0.2951759243763714,0.8581559539336698
9.52,-0.2875364277206737,0.693632596231911
9.53,-0.2813032724517335,0.7406148172818856
9.540000000000001,-0.2727241313750346,0.9518897221487297
9.55,-0.26226547800875794,0.860928796675811
9.56,-0.25550555544151876,0.916550087754489
9.57,-0.24393447625366854,0.9195509438955991
9.58,-0.23711453656360718,0.8253103546677352
9.59,-0.2274282691603142,1.0186846636040272
9.6,-0.21674084329152704,0.9436525807218743
9.61,-0.2085552175458771,0.8453543257434344
9.620000000000001,-0.1998337567766571,0.9821302905169276
9.63,-0.1889126117355376,1.0593844536576018
9.64,-0.17864606770350552,0.9641902872924621
9.65,-0.16962880598968877,1.030823004860653
9.66,-0.1580296076062929,1.0868409272949826
9.67,-0.1478919874437896,1.1275750570951084
9.68,-0.1354781064643912,1.1192170539301927
9.69,-0.12550764636518622,1.0307760786762383
9.700000000000001,-0.11486258489086494,1.0937830058952143
9.71,-0.10363198624728055,1.1347260053776855
9.72,-0.0921680647833117,1.1530922581529275
9.73,-0.0805701410842225,1.062204422744863
9.74,-0.0709239763284149,1.0457075108195575
9.75,-0.0596559908678318,1.237992860901425
9.76,-0.046164119110386925,1.1672321669587387
9.77,-0.03631134752865752,1.0115269928065092
9.78,-0.02593357925425718,1.1810674906340068
9.790000000000001,-0.012689997715975279,1.231737518964975
9.8,-0.0012988288749556825,1.037263832362218
9.81,0.008055278931268643,1.121341962059395
9.82,0.02112801036623174,1.2423276071662421
9.83,0.032901831074592956,1.1315055529039866
9.84,0.043758121424310986,1.11346793158914
9.85,0.05517118970637528,1.022925866116783
9.86,0.06421663874664621,1.088858701347915
9.870000000000001,0.0769483637333357,1.1498968141740695
9.88,0.0872145750301296,1.0439178289730933
9.89,0.09782672031279711,1.131974491160757
9.9,0.10985406485334424,1.1590616775662363
9.91,0.12100795386412136,1.093753193740178
9.92,0.13172912872814735,1.0249294355942684
9.93,0.14150654257600628,0.9225490831812602
9.94,0.15018011039177215,0.9532876310593403
9.950000000000001,0.16057229519719468,1.0279187473769094
9.96,0.17073848533931174,0.9542987816568989
9.97,0.17965827083033226,0.9149690378827273
9.98,0.1890378660969659,0.9619328557162685
9.99,0.19889692794465721,0.8964948868614506
10.0,0.20696776383419455,0.8067243272584239
10.01,0.21503141448982535,0.8442068446165862
10.02,0.22385190072652592,0.9069521617540772
10.03,0.23317045772490652,0.8357524025294616
10.040000000000001,0.24056694877711593,0.7755666741325502
10.05,0.24868179120755843,0.7982893847751615
10.06,0.2565327364726188,0.703201654518951
10.07,0.26274582429793714,0.7166425207756664
10.08,0.27086558688813184,0.7227837978158327
10.09,0.2772015002542535,0.5577226860433093
10.1,0.28202004060899777,0.6820606089895769
10.11,0.29084271243404475,0.6366632274360935
10.120000000000001,0.29475330515771964,0.4156476365591324
10.13,0.2991556651652279,0.5133749947549759
10.14,0.3050208050528189,0.5420592161870967
10.15,0.3099968494889696,0.5347576439457242
10.16,0.3157159579317332,0.48641440496008137
10.17,0.319725137588171,0.3983275822728132
10.18,0.3236825095771893,0.4307806404605543
10.19,0.3283407503973819,0.38790225083219454
10.200000000000001,0.3314405545938334,0.3065234455128838
10.21,0.33447121930764,0.2925551705315961
10.22,0.3372916580044652,0.2711620218912749
10.23,0.3398944597454654,0.09715426041809039
10.24,0.339234743212827,0.14072257598438753
10.25,0.34270891126515307,0.15270516198360085
10.26,0.3422888464524989,0.1428052889138023
10.27,0.3455650170434291,0.19795392335831252
10.28,0.3462479249196651,0.1060123830947326
10.290000000000001,0.347685264705324,0.08152154028108072
10.3,0.347878355725287,-0.05381787234292901
10.31,0.34660890725846544,-0.12958885573754841
10.32,0.34528657861053613,-0.06446303717539337
10.33,0.34531964651495756,-0.11320091226483697
10.34,0.3430225603652394,-0.16920230084345533
10.35,0.3419356004980885,-0.10199752657954875
10.36,0.3409826098336485,-0.2380821527223027
10.370000000000001,0.33717395744364165,-0.2515497764106769
10.38,0.33595161430543413,-0.21269591092616835
10.39,0.33292003922511837,-0.3940330019972329
10.4,0.32807095426548966,-0.3223303508805948
10.41,0.32647343220750663,-0.28518646634714173
10.42,0.32236722493854697,-0.4416693468441739
10.43,0.31764004527062334,-0.5008124587929839
10.44,0.3123509757626875,-0.5049682285175336
10.450000000000001,0.3075406807002721,-0.47440658359390575
10.46,0.3028628440908087,-0.44396643833202276
10.47,0.2986613519336318,-0.5629129237505595
10.48,0.2916045856157978,-0.5746596473510479
10.49,0.2871681589866111,-0.6105143601512424
10.5,0.2793942984127732,-0.6544799047350036
10.51,0.2740785608919113,-0.5803935879354363
10.52,0.2677864266540647,-0.5404157251570538
10.53,0.26327024638877045,-0.7714639146349747
10.540000000000001,0.252357148361363,-0.7693189310081401
10.55,0.24788386776860546,-0.6671391344814666
10.56,0.23901436567173398,-0.8186386866618829
10.57,0.23151109403536815,-0.7885155784302711
10.58,0.2232440541031289,-0.8058313429109027
10.59,0.21539446717715044,-0.8408820611609169
10.6,0.2064264128799109,-0.7957678047744032
10.61,0.19947911108166272,-0.8794882303818845
10.620000000000001,0.18883664827227137,-0.8976952095676669
10.63,0.18152520689030754,-0.9073744263585386
10.64,0.17068915974510096,-0.9730779971603987
10.65,0.1620636469471,-0.9493854992009663
10.66,0.15170144976108205,-0.9158511557954823
10.67,0.14374662383119075,-0.8284060228545602
10.68,0.1351333293039912,-0.9925404176295434
10.69,0.12389581547860029,-1.0586775923082108
10.700000000000001,0.11395977745782576,-1.0380694006710147
10.71,0.10313442746517874,-0.9964089787860466
10.72,0.09403159788210526,-1.0262118354408605
10.73,0.08261019075636197,-1.0429335876345616
10.74,0.07317292612941446,-0.9234454791167384
10.75,0.06414128117402759,-0.9077743658801576
10.76,0.055017438811811696,-0.8941759899062816
10.77,0.046257761375902345,-1.1214164240504512
10.78,0.03258911033080315,-1.096595233468615
10.790000000000001,0.024325856706529522,-0.9870828527709105
10.8,0.01284745327538418,-1.1075769338884442
10.81,0.002174318028761109,-1.0174199730897846
10.82,-0.007500946186411075,-1.0137920437282673
10.83,-0.018101522845803804,-1.0371369511988728
10.84,-0.02824368521038809,-1.0401177833057185
10.85,-0.038903878511917726,-1.0866233131753724
10.86,-0.04997615147389507,-1.0615827810448544
10.870000000000001,-0.06013553413281609,-0.8949109146857563
10.88,-0.06787436976761183,-0.9258461120156771
10.89,-0.07865245637312923,-1.0424389809937251
10.9,-0.08872314938748589,-0.9555710640210116
10.91,-0.09776387765354906,-0.8892314194463102
10.92,-0.10650777777641171,-0.9382456930656256
10.93,-0.11652879151486117,-1.0065620401505537
10.94,-0.12663901857942236,-0.8680211772132065
10.950000000000001,-0.13388921505912596,-0.7940043638080345
10.96,-0.1425191058555839,-0.9269587049171539
10.97,-0.15242838915746865,-0.9044231751548848
10.98,-0.1606075693586812,-0.8197347111246795
10.99,-0.16882308337996188,-0.8314364429200971
11.0,-0.17723629821708278,-0.8520131168733371
11.01,-0.18586334571742827,-0.8277909552047937
11.02,-0.1937921173211783,-0.7857428963051252
11.03,-0.20157820364353043,-0.8448701204984879
11.040000000000001,-0.2106895197311494,-0.7293579028579931
11.05,-0.21616536170069192,-0.7289469420145398
11.06,-0.22526845857143987,-0.7679417594203013
11.07,-0.23152419688909762,-0.5369893926149842
11.08,-0.23600824642373935,-0.5644148841640462
11.09,-0.2428124945723783,-0.6125210702230479
11.1,-0.24825866782820002,-0.6522567697969404
11.11,-0.25585762996831685,-0.7030192542163043
11.120000000000001,-0.26231905291252683,-0.5433085366873573
11.13,-0.2667238007020651,-0.45548162973252815
11.14,-0.2714286855071772,-0.4750744230485431
11.15,-0.27622528916303574,-0.4118712822547721
11.16,-0.27966611115227247,-0.45746576069051414
11.17,-0.2853746043768458,-0.446158305075393
11.18,-0.28858927725378014,-0.40972427999559535
11.19,-0.29356908997675757,-0.3444130795807041
11.200000000000001,-0.2954775388453941,-0.2704346472331238
11.21,-0.29897778292142013,-0.3504787106850227
11.22,-0.3024871130590944,-0.2726594576045791
11.23,-0.3044309720735116,-0.20249379810986845
11.24,-0.30653698902129173,-0.20241091449242887
11.25,-0.3084791903633601,-0.07272665698572744
11.26,-0.3079915221610062,-0.13164696134891507
11.27,-0.31111212959033835,-0.2106793267134428
11.28,-0.312205108695275,-0.17954097749278475
11.290000000000001,-0.31470294914019453,-0.08180089083032449
11.3,-0.31384112651188223,0.07268452139844861
11.31,-0.3132492587122256,0.021546825375105882
11.32,-0.31341019000438014,0.12341096355371306
11.33,-0.3107810394411514,0.09710675388051548
11.34,-0.3114680549267699,0.09610011379009187
11.35,-0.30885903716534957,0.14158538316038793
11.36,-0.30863634726356215,0.09701102959445151
11.370000000000001,-0.30691881657346015,0.1812171392227917
11.38,-0.3050120044791061,0.2160446357950292
11.39,-0.3025979238575597,0.33683895336649883
11.4,-0.29827522541177626,0.15877509931747902
11.41,-0.29942242187121015,0.11713113742894343
11.42,-0.29593260266319743,0.4198633128600413
11.43,-0.2910251556140095,0.459402316915801
11.44,-0.2867445563248816,0.4474576477046188
11.450000000000001,-0.28207600265991645,0.43552878937479633
11.46,-0.278033980537385,0.3852756922299694
11.47,-0.2743704888153172,0.4922426238451365
11.48,-0.26818912806048245,0.561151416833777
11.49,-0.2631474604786419,0.4736713294018955
11.5,-0.25871570147244477,0.5365154795011371
11.51,-0.2524171508886194,0.5682477257873657
11.52,-0.24735074695669768,0.5109652995167675
11.53,-0.24219784489828428,0.6311866332606826
11.540000000000001,-0.23472701429148274,0.6656640941987124
11.55,-0.22888456301430884,0.6187159341581303
11.56,-0.22235269560832038,0.7424603256272562
11.57,-0.21403535650176403,0.5718330036399664
11.58,-0.2109160355355213,0.5692825519720461
11.59,-0.20264970546232336,0.7956196558545621
11.6,-0.1950036424184304,0.8029839310496723
11.61,-0.18659002684133025,0.8139108619866384
11.620000000000001,-0.1787254251786966,0.7262750609894475
11.63,-0.1720645256215401,0.7622807048683704
11.64,-0.16347981108132953,0.8455753661516656
11.65,-0.15515301829850714,0.9989100838448755
11.66,-0.14350160940443243,0.972507128026721
11.67,-0.13570287573797313,0.707835129300852
11.68,-0.1293449068184157,0.7544044037744433
11.69,-0.12061478766248458,0.8363816057067721
11.700000000000001,-0.11261727470427926,0.8056810549944737
11.71,-0.10450116656259403,0.9432523219051729
11.72,-0.09375222826617621,0.9449546531720765
11.73,-0.0856020734991529,0.9079269311119025
11.74,-0.07559368964393855,0.8821758244945954
11.75,-0.06795855700926137,0.8834919798842735
11.76,-0.05792385004625345,1.0089343072019439
11.77,-0.04777987086522292,0.9811394082067912
11.78,-0.03830106188211804,0.9405062919547071
11.790000000000001,-0.02896974502612754,0.8441624973432644
11.8,-0.0214178119352513,0.9508942632581769
11.81,-0.009951859760964405,0.9546895942187351
11.82,-0.0023240200508770027,0.9163357374350316
11.83,0.008374854987735839,0.9647696571127856
11.84,0.0169713730913783,0.8218083291768823
11.85,0.024811021571273132,0.9030911943696236
11.86,0.03503319697877039,1.0006774422042544
11.870000000000001,0.04482457041535949,0.9543941935658269
11.88,0.0541210808500883,0.8760932776036796
11.89,0.06234643596743271,0.9399582527653134
11.9,0.07292024590539417,0.943184362088004
11.91,0.0812101232091924,0.7872179997651294
11.92,0.08866460590069641,0.8537920299763524
11.93,0.09828596380871908,0.9653505284705437
11.94,0.10797161647010689,0.9046610372781094
11.950000000000001,0.11637918455428227,0.6735192942959323
11.96,0.12144200235602705,0.6738786933598915
11.97,0.1298567584214798,0.9396539166185711
11.98,0.14023508068839807,0.7824552253266548
11.99,0.14550586292801257,0.6332143534426189
12.0,0.1528993677572502,0.7861893959906476
12.01,0.1612296508478252,0.8279618104741306
12.02,0.16945860396673246,0.7425079580933289
12.030000000000001,0.17607981000969247,0.6515571366589299
12.040000000000001,0.18248974669991197,0.6575959268821148
12.05,0.1892317285473345,0.6635271966530212
12.06,0.19576029063297212,0.6361468549629024
12.07,0.20195466564659229,0.7753003426008824
12.08,0.21126629748498943,0.6630648979759641
12.09,0.21521596360611125,0.512531672077861
12.1,0.22151693092654642,0.5204845167741983
12.11,0.225625653941595,0.48322141546808517
12.120000000000001,0.23118135923590907,0.5022089099933993
12.13,0.2356698321414639,0.3662805591877092
12.14,0.2385069704196631,0.4320682540388425
12.15,0.24431119722224054,0.4826834461278757
12.16,0.2481606393422204,0.3720208482337437
12.17,0.2517516141869153,0.42102343133073816
12.18,0.256581107968835,0.5433461520305922
12.19,0.26261853722752687,0.3962295104804685
12.200000000000001,0.26450569817844416,0.310791020663995
12.21,0.26883435764080676,0.3088894530028572
12.22,0.27068348723850116,0.2341344185971561
12.23,0.2735170460127498,0.1671926843812095
12.24,0.2740273409261253,0.19297171239847266
12.25,0.27737648026071915,0.2603891533556535
12.26,0.27923512399323824,0.09680617614669629
12.27,0.279312603783653,0.11629027560471705
12.280000000000001,0.2815609295053331,0.15479106237402185
12.290000000000001,0.28240842503113395,0.015026571043065928
12.3,0.28186146092619446,-0.0411986775829245
12.31,0.2815844514794755,-0.015747352235639056
12.32,0.28154651388148166,0.049170212852413187
12.33,0.2825678557365237,0.0370096739960033
12.34,0.2822867073614017,-0.10970299637750536
12.35,0.28037379580897365,-0.10789889790864571
12.36,0.28012872940322886,-0.051744434557205565
12.370000000000001,0.2793389071178294,-0.11720248866400063
12.38,0.2777846796299488,-0.12443766618588015
12.39,0.2768501537941118,-0.1670958716905684
12.4,0.2744427621961375,-0.3540046170390774
12.41,0.26977006145333043,-0.23207814751963873
12.42,0.2698011992457448,-0.25467837264951854
12.43,0.26467649400034016,-0.3356104277858698
12.44,0.26308899069002756,-0.29887378699045364
12.450000000000001,0.25869901826053016,-0.426458395890311
12.46,0.2545598227722207,-0.47178657121259526
12.47,0.24926328683627846,-0.38994964235621055
12.48,0.24676082992509668,-0.41309268217993633
12.49,0.2410014331926799,-0.3916192530416218
12.5,0.2389284448642644,-0.3173039324873219
12.51,0.2346553545429336,-0.5813413454731435
12.52,0.22730161795480178,-0.5753294679132139
12.530000000000001,0.2231487651846691,-0.5318809781610163
12.540000000000001,0.21666399839158113,-0.6022309563964985
12.55,0.21110414605673938,-0.5003193651211095
12.56,0.20665761108915917,-0.5647477195818134
12.57,0.19980919166510336,-0.5642162261233299
12.58,0.1953732865666928,-0.6521792881121069
12.59,0.1867656059028615,-0.6840593741079868
12.6,0.18169209908453335,-0.6347019846511728
12.61,0.17407156620983832,-0.6898579865503098
12.620000000000001,0.16789493935352648,-0.7221860564438947
12.63,0.15962784508095984,-0.7517772673691798
12.64,0.15285939400614318,-0.7067497459599794
12.65,0.14549285016176056,-0.7757430445886895
12.66,0.13734453311436973,-0.7098815901207622
12.67,0.13129521835934563,-0.6860386673358301
12.68,0.12362375976765343,-0.7746184085575765
12.69,0.11580285018819442,-0.7369329062710932
12.700000000000001,0.10888510164223074,-0.7477883326064054
12.71,0.10084708353606552,-0.8947087296898175
12.72,0.09099092704843476,-0.8606833347868594
12.73,0.0836334168403287,-0.8262709805522661
12.74,0.07446550743738979,-0.8375003206456957
12.75,0.06688341042741514,-0.8242018667065536
12.76,0.057981470103259075,-0.7501331537052174
12.77,0.05188074735331111,-0.7855603627079755
12.780000000000001,0.042270262849097885,-0.9285847667729883
12.790000000000001,0.03330905201784998,-0.797307887193329
12.8,0.026324105105231643,-0.937728245062778
12.81,0.014554487116594817,-1.000944769597805
12.82,0.006305209713275969,-0.6918543940917704
12.83,0.0007173992347597048,-0.7352193852945953
12.84,-0.008399177992615624,-0.8641346975363232
12.85,-0.01656529471596639,-0.9032656001713075
12.86,-0.02646448999604139,-0.8437976646557939
12.870000000000001,-0.03344124800908289,-0.6589375268275484
12.88,-0.03964324053259338,-0.7775021079046645
12.89,-0.04899129016717584,-0.9053193452052299
12.9,-0.05774962743669759,-0.8700434507985988
12.91,-0.06639215918314745,-0.8276613865164242
12.92,-0.07430285516702573,-0.8756795000556603
12.93,-0.08390574918426029,-0.7494655171992997
12.94,-0.0892921655110114,-0.6234457592254801
12.950000000000001,-0.09637466436877104,-0.8531669265477655
12.96,-0.10635550404196735,-0.8254143242089924
12.97,-0.11288295085295054,-0.7169889826719213
12.98,-0.12069528369540548,-0.7402035872459232
12.99,-0.12768702259786868,-0.6508732285529186
13.0,-0.13371274826646357,-0.753111026812344
13.01,-0.14274924313411524,-0.6542019966670818
13.02,-0.14679678819980493,-0.5247773088110126
13.030000000000001,-0.15324478931033664,-0.6937940817929373
13.040000000000001,-0.16067266983566444,-0.7954961507180531
13.05,-0.16915471232469736,-0.6537043489321164
13.06,-0.17374675681430649,-0.41287738743397995
13.07,-0.1774122600733768,-0.6692255955019597
13.08,-0.18713126872434538,-0.640247276960551
13.09,-0.19021720561258754,-0.4619165783955559
13.1,-0.1963696002922563,-0.4643336118953787
13.11,-0.1995038778504949,-0.4763685537865392
13.120000000000001,-0.20589697136798832,-0.500891613336437
13.13,-0.20952171011722479,-0.397674044822395
13.14,-0.21385045226443605,-0.3665459496651078
13.15,-0.21685262911052677,-0.45467200234663174
13.16,-0.22294389231136846,-0.4670096208921315
13.17,-0.22619282152836923,-0.4355319601644947
13.18,-0.23165453151465817,-0.3078313857662227
13.19,-0.23234944924369355,-0.2891653029774126
13.200000000000001,-0.2374378375742076,-0.3896107518978571
13.21,-0.24014166428165162,-0.24166704613206313
13.22,-0.24227117849684876,-0.30499740599609204
13.23,-0.24624161240157333,-0.2183983719156135
13.24,-0.24663914593516092,-0.08026528709643443
13.25,-0.24784691814350196,-0.17921099262395046
13.26,-0.2502233657876399,-0.28570416869117743
13.27,-0.2535610015173254,-0.15404797805531523
13.280000000000001,-0.25330432534874575,0.0081249843182718
13.290000000000001,-0.2533985018309599,-0.17125412174826948
13.3,-0.25672940778371106,-0.14944961608768814
13.31,-0.2563874941527136,0.10408349251522964
13.32,-0.2546477379334065,0.058570536312938515
13.33,-0.25521608342645485,-0.006954322350965825
13.34,-0.2547868243804258,0.1206396664845073
13.35,-0.2528032900967648,0.06881516022704659
13.36,-0.2534105211758849,0.030615525968471502
13.370000000000001,-0.252190979577395,0.2273810108051535
13.38,-0.24886290095978192,0.09610037390313408
13.39,-0.25026897209933235,-0.011522282537914208
13.4,-0.2490933466105402,0.2199961895068565
13.41,-0.24586904830919531,0.2735221003344144
13.42,-0.24362290460385203,0.18744272877306223
13.43,-0.24212019373373414,0.18478884133545037
13.44,-0.2399271277771431,0.4230485571821365
13.450000000000001,-0.23365922259009012,0.37168969016959963
13.46,-0.2324933339737497,0.17374543048104307
13.47,-0.23018431398046932,0.3770200523209919
13.48,-0.22495293292733004,0.3999984266734131
13.49,-0.22218434544700122,0.3312108258872648
13.5,-0.21832871640958487,0.443538985604091
13.51,-0.21331356573491958,0.37788827844229544
13.52,-0.21077095084073913,0.43893892413198365
13.530000000000001,-0.20453478725227867,0.628909464733411
13.540000000000001,-0.19819276154607005,0.4930957480417657
13.55,-0.19467287229144356,0.39119672870882916
13.56,-0.1903688269718936,0.4747016188663995
13.57,-0.18517883991411577,0.5388315143808526
13.58,-0.1795921966842768,0.569816237579305
13.59,-0.1737825151625299,0.574843644422991
13.6,-0.1680953237958172,0.6472128162070732
13.61,-0.1608382588383887,0.535823000101626
13.620000000000001,-0.15737886379378466,0.6151710655720031
13.63,-0.14853483752694877,0.6992433661890605
13.64,-0.14339399647000375,0.6203699295221865
13.65,-0.1361274389365053,0.6196750898609498
13.66,-0.13100049467278502,0.7163918580028854
13.67,-0.1217996017764479,0.7985438983625306
13.68,-0.11502961670553474,0.6718909223469547
13.69,-0.10836178332950909,0.5620663984129557
13.700000000000001,-0.10378828873727525,0.7026056971294778
13.71,-0.09430966938691945,0.8134409041226238
13.72,-0.08751947065482313,0.6033476001557592
13.73,-0.08224271738380452,0.7104795692288364
13.74,-0.0733098792702467,0.8365482355517768
13.75,-0.06551175267276935,0.7724357243702791
13.76,-0.05786116478284145,0.738638572528159
13.77,-0.05073898122220648,0.7385587749120042
13.780000000000001,-0.04308998928460027,0.8196184177329793
13.790000000000001,-0.034346612867545985,0.8037298069983605
13.8,-0.027015393144633398,0.5414094715877871
13.81,-0.023518423435790477,0.6822037618488948
13.82,-0.013371317907655795,0.8948413676236184
13.83,-0.005621596083318487,0.6875285398980094
13.84,0.0003792528903041007,0.7709416662803982
13.85,0.009797237242289147,0.9059919448208839
13.86,0.01849909178672139,0.6940841842736322
13.870000000000001,0.023678920927762102,0.7039126207627978
13.88,0.03257734420197764,0.7537252361858708
13.89,0.0387534256514792,0.6896914385683726
13.9,0.046371172973344796,0.8539612195241879
13.91,0.05583265004196259,0.7342482516965916
13.92,0.061056138007276314,0.6698012547858885
13.93,0.06922867513768008,0.6462193533853902
13.94,0.07398052507498384,0.7740746562093239
13.950000000000001,0.08471016826186867,0.8185176360391422
13.96,0.0903508777957687,0.5826883066275448
13.97,0.09636393439441933,0.6730420051567991
13.98,0.10381171789890438,0.6018751966879128
13.99,0.10840143832817732,0.6818227031644302
14.0,0.11744817196219269,0.6933986740217053
14.01,0.12226941180861113,0.5568242051347658
14.02,0.12858465606488778,0.6042444721354094
14.030000000000001,0.13435430125132003,0.5797119280213856
14.040000000000001,0.14017889462531627,0.6432222468516668
14.05,0.1472187461883531,0.6105633587535486
14.06,0.15239016180038698,0.55089612331723
14.07,0.15823666865469746,0.5236039533498076
14.08,0.1628622408673829,0.5132110727521608
14.09,0.16850089010974045,0.4824506135789939
14.1,0.17251125313896257,0.5711228055984687
14.11,0.17992334622170958,0.40972576164088004
14.120000000000001,0.18070576837177957,0.40025969643861714
14.13,0.18792854015048133,0.5767798945880624
14.14,0.19224136626354058,0.3053157106325255
14.15,0.1940348543631317,0.43460724927404115
14.16,0.20093351124902123,0.46409969617110036
14.17,0.20331684828655353,0.2886240922491634
14.18,0.20670599309400436,0.28263168261418237
14.19,0.20896948193883705,0.2507471823935621
14.200000000000001,0.21172093674187603,0.27716573543607836
14.21,0.21451279664755898,0.2980338656152668
14.22,0.21768161405418124,0.3265468249934127
14.23,0.2210437331474271,0.21371499721765375
14.24,0.22195591399853423,0.08651617572934178
14.25,0.22277405666201391,0.21211367960502336
14.26,0.2261981875906346,0.2492620388370561
14.27,0.22775929743875492,0.12670754688294394
14.280000000000001,0.22873233852829353,0.1038916590404746
14.290000000000001,0.2298371306195645,0.04381332378973468
14.3,0.22960860500408822,-0.016247709047744863
14.31,0.22951217643860963,0.014988353751943961
14.32,0.2299083720791271,-0.01308082092609908
14.33,0.22925056002008765,0.05493299383396533
14.34,0.23100703195580635,0.05477677178781448
14.35,0.2303460954558439,-0.07907805826158132
14.36,0.22942547079057476,-0.21112907928632652
14.370000000000001,0.22612351387011664,-0.13003304005276917
14.38,0.22682480998951848,0.09217921163423526
14.39,0.22796709810280133,-0.10429223082758554
14.4,0.2247389653729668,-0.19300272295270915
14.41,0.2241070436437472,-0.21261173952047585
14.42,0.22048673058255738,-0.14346843326258174
14.43,0.22123767497849564,-0.15593077016123402
14.44,0.21736811517933277,-0.29641935781568307
14.450000000000001,0.2153092878221819,-0.13596752447678284
14.46,0.21464876468979666,-0.21833099692867286
14.47,0.21094266788360852,-0.43116554094768667
14.48,0.20602545387084312,-0.4246156873987079
14.49,0.20245035413563456,-0.339336071741279
14.5,0.19923873243601767,-0.30213854751999314
14.51,0.19640758318523482,-0.36482164172160303
14.52,0.19194229960158576,-0.43925678268302626
14.530000000000001,0.18762244753157373,-0.33314304379757687
14.540000000000001,0.18527943872563343,-0.4150598346197043
14.55,0.17932125083917982,-0.4044068851850895
14.56,0.17719130102193184,-0.4522457919169085
14.57,0.17027633500084186,-0.5042064059836111
14.58,0.16710717290225982,-0.48067971498857176
14.59,0.16066274070107062,-0.5501412780089909
14.6,0.15610434734208023,-0.5776167934118686
14.61,0.1491104048328335,-0.6283181075352884
14.620000000000001,0.14353798519137387,-0.4916759923488252
14.63,0.1392768849858561,-0.47161673283017436
14.64,0.13410565053477058,-0.5969590422024753
14.65,0.12733770414180687,-0.7013847235460018
14.66,0.12007795606385084,-0.6686934864339777
14.67,0.11396383441312759,-0.6160976795459714
14.68,0.10775600247293168,-0.6391668431013926
14.69,0.10118049755110001,-0.5510339552582586
14.700000000000001,0.09673532336776614,-0.4916092987578011
14.71,0.09134831157594349,-0.6500592961245113
14.72,0.08373413744527618,-0.8201507034807234
14.73,0.07494529750632938,-0.6662064837029331
14.74,0.07041000777121781,-0.5584797632723015
14.75,0.06377570224088358,-0.554397572855144
14.76,0.05932205631411516,-0.7381155101546679
14.77,0.04901339203779054,-0.8016888160497424
14.780000000000001,0.04328827999312004,-0.5224606601438162
14.790000000000001,0.03856417883491334,-0.6411366955980489
14.8,0.03046554608115933,-0.7421652419242308
14.81,0.02372087399642904,-0.7029915455950051
14.82,0.016405715169259528,-0.6983940901858352
14.83,0.009752992192712633,-0.6534036503314993
14.84,0.003337642162629822,-0.7426865721398376
14.85,-0.005100739250083803,-0.6791890380450898
14.86,-0.010246138598271684,-0.7102253277659479
14.870000000000001,-0.019305245805404415,-0.7067189709648439
14.88,-0.024380518017570223,-0.598184489081471
14.89,-0.03126893558703358,-0.7188996424339833
14.9,-0.03875851086624958,-0.6769958106992444
14.91,-0.04480885180101818,-0.6618631237006605
14.92,-0.05199577334026251,-0.7080015613140369
14.93,-0.058968883027298614,-0.6354835472261695
14.94,-0.06470544428478563,-0.6433076672564613
14.950000000000001,-0.07183503637242895,-0.6000259548379097
14.96,-0.07670596338154503,-0.6276998048240743
14.97,-0.08438903246891018,-0.5968848684007826
14.98,-0.08864366074956043,-0.6082682514233868
14.99,-0.09655439749737765,-0.6603780922097133
15.0,-0.10185122259375441,-0.5578031852290204
15.01,-0.10771046120195782,-0.47967926354194645
15.02,-0.11144480786459314,-0.5145383144689992
15.030000000000001,-0.11800122749133901,-0.6265912582026649
15.040000000000001,-0.12397663302864738,-0.5282925002759944
15.05,-0.12856707749685867,-0.6181313121349366
15.06,-0.13633925927134585,-0.5367304640078716
15.07,-0.13930168677701588,-0.2901683807312816
15.08,-0.14214262688597135,-0.4718949866227149
15.09,-0.14873958650946997,-0.5619354289029559
15.1,-0.15338133546403024,-0.4289954871530828
15.11,-0.15731949625253144,-0.39229370743745307
15.120000000000001,-0.1612272096127798,-0.5444380357749115
15.13,-0.16820825696802985,-0.5291427927692816
15.14,-0.17181006546816524,-0.27257589773124735
15.15,-0.17365977492265466,-0.31696027008990413
15.16,-0.17814927086996318,-0.29228812810910476
15.17,-0.17950553748483666,-0.30912658276125526
15.18,-0.18433180252518813,-0.4728928727576367
15.19,-0.18896339493998918,-0.33939866019927933
15.200000000000001,-0.1911197757291737,-0.31346550121696026
15.21,-0.19523270496432846,-0.20174702608035133
15.22,-0.19515471625078068,-0.10591342603320442
15.23,-0.1973509734849925,-0.22385653511353532
15.24,-0.19963184695305128,-0.13118496694308135
15.25,-0.1999746728238541,-0.09347595233237804
15.26,-0.2015013659996988,-0.21705562546462787
15.27,-0.20431578533314654,-0.30113203123969967
15.280000000000001,-0.2075240066244933,-0.07490060322715308
15.290000000000001,-0.20581379739769054,0.04045048762704262
15.3,-0.20671499687195247,-0.08919188050284887
15.31,-0.20759763500774747,-0.03223535850937154
15.32,-0.20735970404213988,-0.1070167668811095
15.33,-0.20973797034536962,0.03825088883450434
15.34,-0.2065946862654498,0.017297792985221605
15.35,-0.2093920144856652,-0.03584781671300874
15.36,-0.20731164259970997,0.01079644636138255
15.370000000000001,-0.20917608555843822,-0.01677418384696594
15.38,-0.20764712627664994,0.24731808201936012
15.39,-0.2042297239180511,0.14043708926735832
15.4,-0.20483838449130282,0.09286783644267871
15.41,-0.2023723671891976,0.17116910132499363
15.42,-0.20141500246480304,0.1184636130186334
15.43,-0.20000309492882495,0.24130901471320776
15.44,-0.19658882217053897,0.19744135615952274
15.450000000000001,-0.19605426780563476,0.06564479289046865
15.46,-0.19527592631272958,0.2131588776784259
15.47,-0.1917910902520663,0.37644425936114523
15.48,-0.18774704112550686,0.33787135231571774
15.49,-0.1850336632057521,0.18981401502426287
15.5,-0.18395076082502165,0.25721324934403356
15.51,-0.17988939821887154,0.3796188858073535
15.52,-0.17635838310887475,0.36508898897652564
15.530000000000001,-0.17258761843934048,0.32385632290234945
15.540000000000001,-0.16988125665082715,0.36644893990824556
15.55,-0.16525863964117574,0.42757493845882877
15.56,-0.16132975788165077,0.4803886546873857
15.57,-0.1556508665474282,0.5020117627971095
15.58,-0.1512895226257088,0.3935180058444381
15.59,-0.1477805064305396,0.39309563557867566
15.6,-0.14342760991413545,0.48069760741659895
15.610000000000001,-0.1381665542822068,0.4579101584945162
15.620000000000001,-0.13426940674424426,0.4269742350734109
15.63,-0.12962706958073877,0.49673415433795753
15.64,-0.12433472365748532,0.5395312822380802
15.65,-0.1188364439359774,0.5133055530717892
15.66,-0.11406861259604975,0.5745243845758106
15.67,-0.10734595624446144,0.6391126917553542
15.68,-0.10128635876094294,0.4661858259152085
15.69,-0.09802223972615746,0.5270215970630545
15.700000000000001,-0.09074592681968043,0.6386318202046688
15.71,-0.08524960332206291,0.5935297648360969
15.72,-0.07887533152295874,0.5949108081274286
15.73,-0.07335138715951459,0.5010676666042952
15.74,-0.06885397819087305,0.5340233619095862
15.75,-0.06267091992132309,0.6757293682556926
15.76,-0.055339390825759484,0.7206273849075635
15.77,-0.04825837222317213,0.4977860846105382
15.780000000000001,-0.045383669133548805,0.579117580378036
15.790000000000001,-0.036676020615611656,0.7861691370957535
15.8,-0.02966028639163407,0.5931529198555408
15.81,-0.024812962218501093,0.5876337430441833
15.82,-0.017907611530750656,0.5930178336005056
15.83,-0.012952605546491233,0.5873567318762141
15.84,-0.006160476893226624,0.5746568130575366
15.85,-0.0014594692853407457,0.5084115412399346
15.860000000000001,0.004007753931572889,0.7463520159269401
15.870000000000001,0.013467571033198355,0.6840382117243305
15.88,0.01768851816605921,0.5434527406056188
15.89,0.0243366258453105,0.589984372357222
15.9,0.029488205613203398,0.5584154449398755
15.91,0.03550493474410777,0.6622388462059308
15.92,0.04273298253732173,0.6304884041936007
15.93,0.048114702827979514,0.6183072513474017
15.94,0.0550991275642695,0.6434573102950836
15.950000000000001,0.06098384903388186,0.5745233875072522
15.96,0.06658959531441537,0.5592810120926974
15.97,0.07216946927573557,0.6250655878826352
15.98,0.07909090707206781,0.48863228034391737
15.99,0.08194211488261371,0.4634529553232616
16.0,0.08835996617853285,0.6456892780206518
16.01,0.09485590044302764,0.5916938480848284
16.02,0.10019384314022957,0.3875176196608452
16.03,0.10260625283624333,0.4254080095093391
16.04,0.10870200333041485,0.6317689252611896
16.05,0.11524163134146702,0.5218449052995258
16.06,0.1191389014364061,0.41027247568616243
16.07,0.12344708085519024,0.4192802378929974
16.080000000000002,0.12752450619426736,0.41334626383276607
16.09,0.13171400613184533,0.45392080531207935
16.1,0.136602922300509,0.4211353722198403
16.11,0.14013671357624244,0.3835919585568792
16.12,0.14427476147164664,0.4018948277585155
16.13,0.14817461013141267,0.3384495541089141
16.14,0.1510437525538244,0.3774595529633258
16.15,0.15572380119067838,0.5186555923077485
16.16,0.16141686439997951,0.20755582746094525
16.17,0.15987491773989793,0.17720408431868329
16.18,0.16496094608635073,0.34100893520126263
16.19,0.16669509644392186,0.2860585191737428
16.2,0.17068211646982467,0.29672993212929377
16.21,0.17262969508650688,0.2484194670439912
16.22,0.17565050581070402,0.27826651820188175
16.23,0.17819502545054425,0.17580462567117294
16.240000000000002,0.179166598324128,0.18441301611718686
16.25,0.18188328577288726,0.04193298012463842
16.26,0.18000525792661912,0.1738058226613628
16.27,0.18535940222611186,0.26890603578723926
16.28,0.1853833786423619,0.08924329117792063
16.29,0.18714426804966963,0.01694955624298977
16.3,0.18572236976722056,-0.017004311304342323
16.31,0.18680418182358188,0.128374317366708
16.32,0.18828985611455484,0.08237502393625107
16.330000000000002,0.18845168230230716,0.030117470653244993
16.34,0.18889220552761962,0.05989904152255576
16.35,0.18964966313275836,-0.11602454301476328
16.36,0.18657171466732575,-0.037548130395038015
16.37,0.18889870052485955,0.038306994696851504
16.38,0.18733785456126412,-0.12753433770615885
16.39,0.18634801377073665,-0.16082152796481175
16.4,0.1841214240019684,-0.06959855046145158
16.41,0.18495604276150873,-0.17004896178235818
16.42,0.18072044476632068,-0.13344198696478138
16.43,0.1822872030222111,-0.11224956695177468
16.44,0.1784754534272833,-0.20554719806600374
16.45,0.1781762590608899,-0.12439440173592864
16.46,0.17598756539256408,-0.15424805284012066
16.47,0.17509129800408713,-0.22978696983105706
16.48,0.17139182599594202,-0.3364866744032593
16.490000000000002,0.16836156451602088,-0.27589981944483455
16.5,0.16587382960704528,-0.17704022041841583
16.51,0.16482076010765315,-0.23880420849258321
16.52,0.16109774543719466,-0.3890816164406212
16.53,0.15703912777884077,-0.35962863921998167
16.54,0.15390517265279485,-0.39451284103077366
16.55,0.1491488709582249,-0.31822181665029436
16.56,0.14754073631978798,-0.37270030827811773
16.57,0.1416948647926612,-0.35811873664071836
16.580000000000002,0.1403783615869725,-0.2948337900523459
16.59,0.13579818899161555,-0.32017590199689216
16.6,0.1339748435470358,-0.4756216804330142
16.61,0.12628575538295755,-0.5504761325605632
16.62,0.12296532089582632,-0.2924408257186082
16.63,0.12043693886858522,-0.38357436286356794
16.64,0.11529383363855421,-0.5834587836369449
16.65,0.10876776319584706,-0.5170971138359635
16.66,0.10495189136183612,-0.44333647575956636
16.67,0.09990103368065435,-0.48439097786296514
16.68,0.09526407180457687,-0.5308835288684417
16.69,0.08928336310328526,-0.5224817530117676
16.7,0.08481443674434119,-0.5564576725986634
16.71,0.07815420965131144,-0.5073342299454984
16.72,0.07466775214543031,-0.42270980323612406
16.73,0.06970001358658862,-0.549280792895305
16.740000000000002,0.06368213628752249,-0.639924057914592
16.75,0.056901532428297326,-0.48085985707434453
16.76,0.05406493914603721,-0.4471291516896363
16.77,0.04795894939450595,-0.6357428845944688
16.78,0.04135008145414792,-0.5856299354800998
16.79,0.036246350684903665,-0.5949085124320166
16.8,0.02945191120550724,-0.5956559034764308
16.81,0.024333232615374706,-0.5119431002161055
16.82,0.019213049201185353,-0.4484894760430932
16.830000000000002,0.015363443094511441,-0.5667785567263135
16.84,0.007877478066660615,-0.5910286300905895
16.85,0.0035428704927010224,-0.5558880925187764
16.86,-0.0032402837837138066,-0.5792920712365057
16.87,-0.008042970932028142,-0.5381215183420722
16.88,-0.01400271415055461,-0.5246400142325589
16.89,-0.01853577121667859,-0.5729806445320613
16.9,-0.025462327041194742,-0.6724163453765725
16.91,-0.03198409812420961,-0.5887458874983347
16.92,-0.037237244791163276,-0.49004480104907344
16.93,-0.04178499414519112,-0.530569444086386
16.94,-0.0478486336728913,-0.48470598838173196
16.95,-0.05147911391282642,-0.4867142350035616
16.96,-0.057582918372963206,-0.4212110409143639
16.97,-0.059903334731114866,-0.5760753986041736
16.98,-0.06910442634504887,-0.6135812084520538
16.990000000000002,-0.07217495890015786,-0.466617863653894
17.0,-0.07843678361812542,-0.5235617963084525
17.01,-0.08264619482632596,-0.4163880856150115
17.02,-0.0867645453304255,-0.5621561504864756
17.03,-0.0938893178360563,-0.4560543393111338
17.04,-0.09588563211664981,-0.23925562298077452
17.05,-0.09867443029567197,-0.4746173357996435
17.06,-0.10537797883264109,-0.5112950885836014
17.07,-0.10890033206734265,-0.3438713312845785
17.080000000000002,-0.11225540545833373,-0.4272516367468038
17.09,-0.1174453648022779,-0.47426870274654753
17.1,-0.12174077951326416,-0.4871233815355902
17.11,-0.1271878324329891,-0.3076566927862707
17.12,-0.12789391336898775,-0.24751800067509588
17.13,-0.13213819244648964,-0.42490623768241687
17.14,-0.1363920381226359,-0.31650609470386915
17.150000000000002,-0.138468314340568,-0.2930235365443634
17.16,-0.14225250885352245,-0.3329235191365818
17.17,-0.14512678472329918,-0.22610355865478482
17.18,-0.14677458002661847,-0.31130049514901614
17.19,-0.1513527946262804,-0.23381462307052292
17.2,-0.15145087248803044,-0.2437334557133406
17.21,-0.15622746374054877,-0.31093239219883806
17.22,-0.15766952033200823,-0.04383649917117616
17.23,-0.15710419372397155,-0.10459421893716403
17.240000000000002,-0.15976140471075184,-0.26940447943039825
17.25,-0.16249228331257937,-0.2654024722864685
17.26,-0.16506945415648103,-0.17707248528359187
17.27,-0.1660337330182517,-0.07862751418568159
17.28,-0.16664200444019447,-0.084454888230308
17.29,-0.16772283078285763,-0.10438568666566184
17.3,-0.16872971817350768,-0.08290578648411184
17.31,-0.16938094651253996,-0.06891782896424559
17.32,-0.17010807475279258,-0.11651862857942596
17.330000000000002,-0.17171131908412884,-0.044269954064221295
17.34,-0.1709934738340778,0.10546287404707577
17.35,-0.16960206160318714,-0.03818385490405163
17.36,-0.1717571509321576,-0.03406746647296899
17.37,-0.1702834109326452,0.06524523916387004
17.38,-0.17045224614887963,0.06945766602234649
17.39,-0.16889425761219773,0.09246691328597301
17.400000000000002,-0.16860290788315987,0.15559482262509583
17.41,-0.16578236115969675,0.14829945992026872
17.42,-0.1656369186847555,-0.019830099357886155
17.43,-0.16617896314685424,0.14377912012992233
17.44,-0.16276133628215567,0.1781285332158724
17.45,-0.1626163924825357,0.10437171381971844
17.46,-0.16067390200576073,0.23648723611022415
17.47,-0.15788664776033162,0.20135661263540872
17.48,-0.1566467697530532,0.24080711040940272
17.490000000000002,-0.15307050555214283,0.21223773290421644
17.5,-0.15240201509496792,0.1651493373909254
17.51,-0.1497675188043237,0.2608193407459307
17.52,-0.1471856282800494,0.27147443215763367
17.53,-0.14433803016117105,0.3701955331700981
17.54,-0.13978171761664823,0.35544885410820815
17.55,-0.13722905307900776,0.33926534910684847
17.56,-0.132996410634512,0.4033513011047152
17.57,-0.12916202705691376,0.19672719528655325
17.580000000000002,-0.12906186672878034,0.2359101056894497
17.59,-0.12444382494312646,0.3501576995112812
17.6,-0.12205871273855566,0.32633011787036637
17.61,-0.11791722258571989,0.4069653838232066
17.62,-0.11391940506209175,0.3762283984202677
17.63,-0.11039265461731453,0.3792698025537451
17.64,-0.10633400901101682,0.45575521647693407
17.650000000000002,-0.10127755028777442,0.41120885484967395
17.66,-0.09810983191402285,0.47768638220681847
17.67,-0.09172382264363713,0.4517957586979193
17.68,-0.08907391674006333,0.543257224002522
17.69,-0.08085867816358494,0.47578670941581125
17.7,-0.07955818255174485,0.32270895651018394
17.71,-0.07440449903338003,0.4240317036112802
17.72,-0.07107754847951878,0.5540906263591396
17.73,-0.06332268650619591,0.5987903703234054
17.740000000000002,-0.059101741073048795,0.4127444288045732
17.75,-0.05506779793010456,0.3645262107659919
17.76,-0.05181121685772939,0.4876398879761905
17.77,-0.045315000170582105,0.5067946078935606
17.78,-0.04167532469985941,0.5612519843342421
17.79,-0.0340899604838989,0.5979983207222241
17.8,-0.029715358285416327,0.4354689685969573
17.81,-0.025380581111959927,0.3433455342839238
17.82,-0.022848447599738635,0.4529580932815589
17.830000000000002,-0.01632141924632733,0.663857979620724
17.84,-0.009571288007324517,0.617695914508666
17.85,-0.003967500956154682,0.5286666411992317
17.86,0.0010020448166601162,0.36655812355766315
17.87,0.0033636615149974978,0.4651262986415261
17.88,0.010304570789488812,0.6340912547317528
17.89,0.016045486609631857,0.40343756412862297
17.900000000000002,0.018373322072062534,0.44749351887345024
17.91,0.024995356987099145,0.5920273748757355
17.92,0.03021386956957649,0.47705685765185435
17.93,0.03453649414013635,0.38121443584604076
17.94,0.03783815828649678,0.48162215236997197
17.95,0.04416893718753451,0.5540112124143752
17.96,0.04891838253478349,0.48110061111732616
17.97,0.05379094940988077,0.4544193226569444
17.98,0.05800676898792195,0.44505228317780166
17.990000000000002,0.0626919950734382,0.47912851731828576
18.0,0.06758933933428739,0.4899299187138815
18.01,0.07249059344771562,0.42471819823602397
18.02,0.07608370329900815,0.3872339976043162
18.03,0.08023527339980197,0.44115646662014063
18.04,0.0849068326314106,0.33683161899751024
18.05,0.08697190577975111,0.4223118453798538
18.06,0.09335306953900596,0.489389523907497
18.07,0.09675969625789978,0.36141615318756504
18.080000000000002,0.10058139260275839,0.42088270314979415
18.09,0.10517735032089522,0.2623650371555888
18.1,0.10582869334586864,0.2041957001111605
18.11,0.10926126432311734,0.45098223915485036
18.12,0.11484833812896623,0.4264001006619287
18.13,0.11778926633635667,0.3109608865872957
18.14,0.12106755586071213,0.2811515004336842
18.150000000000002,0.12341229634503122,0.3160692214481484
18.16,0.12738894028967437,0.3482724437258833
18.17,0.13037774521954837,0.2564215269316321
18.18,0.13251737082830722,0.19242165995536187
18.19,0.13422617841865536,0.1089321467208686
18.2,0.134696013762725,0.27622224233449977
18.21,0.13975062326534687,0.37719255810090324
18.22,0.1422398649247438,0.19030657593137512
18.23,0.14355675478397387,0.07712368105154432
18.240000000000002,0.14378233854577493,0.16915556022818645
18.25,0.14693986598853648,0.24007044448425052
18.26,0.1485837474354593,0.18256435390313186
18.27,0.1505911530665989,0.03663284571516012
18.28,0.14931640434976132,0.019269790228998218
18.29,0.1509765488711778,0.17470466927400619
18.3,0.15281049773524144,0.09268157184593928
18.31,0.1528301803080972,-0.02982154944509663
18.32,0.1522140667463393,0.06617295943247647
18.330000000000002,0.15415363949674693,0.1180172431997022
18.34,0.15457441161033383,0.001807957484194489
18.35,0.15418979864643054,-0.014855854296729198
18.36,0.1542772945243991,-0.029226800401971786
18.37,0.15360526263839086,0.0361180984815892
18.38,0.15499965649403014,-0.07375426165429921
18.39,0.1521301774053034,-0.15967765126217337
18.400000000000002,0.15180610346878617,-0.025480735483331074
18.41,0.15162056269563673,-0.01234782016980418
18.42,0.15155914706539014,-0.17558103098858613
18.43,0.14810894207586628,-0.22401615304405453
18.44,0.14707882400451003,-0.15583752869663314
18.45,0.14499219150193404,-0.07579859102005315
18.46,0.14556285218410994,-0.11095441354510971
18.47,0.1427731032310331,-0.1916007535115236
18.48,0.14173083711388015,-0.0953894554772301
18.490000000000002,0.1408653141214882,-0.21066733589410092
18.5,0.13751749039599911,-0.23256209370820624
18.51,0.1362140722473249,-0.20696880519718608
18.52,0.13337811429205604,-0.2148280222638439
18.53,0.1319175118020486,-0.21069240972582914
18.54,0.12916426609754,-0.32990631124198
18.55,0.12531938557720876,-0.3059098845435839
18.56,0.1230460684066679,-0.19866945230105504
18.57,0.12134599653118795,-0.26878636999632466
18.580000000000002,0.11767034100674056,-0.4300462988613001
18.59,0.11274507055396257,-0.30569757220771443
18.6,0.11155638956258773,-0.3136526964425901
18.61,0.10647201662511228,-0.3015348350443192
18.62,0.10552569286170295,-0.2436887604978457
18.63,0.10159824141515653,-0.4146222423259589
18.64,0.09723324801518379,-0.4108094223722567
18.650000000000002,0.09338205296771011,-0.40098255002528127
18.66,0.08921359701467844,-0.3581245798853221
18.67,0.08621956137000425,-0.39999748382208367
18.68,0.08121364733823766,-0.42133417609825763
18.69,0.07779287784803983,-0.3438690102458999
18.7,0.07433626713331982,-0.4522465729795031
18.71,0.06874794638844921,-0.4928656511748781
18.72,0.064478954109822,-0.45588682916797696
18.73,0.05963020980508966,-0.4520409643800263
18.740000000000002,0.05543813482222006,-0.4662402428528214
18.75,0.05030540494803377,-0.34928044391220725
18.76,0.04845252594397723,-0.26113305608402104
18.77,0.045082743826353994,-0.4117741044972205
18.78,0.040217043854032464,-0.6213984392141789
18.79,0.032654775042071635,-0.48732166536215127
18.8,0.030470610546791562,-0.30208923918567154
18.81,0.026612990258358928,-0.5153354849638654
18.82,0.020163900847513554,-0.5235925880681737
18.830000000000002,0.01614113849699382,-0.535976380512628
18.84,0.009444373237262174,-0.4505768468273307
18.85,0.007129601560448956,-0.4116014227190929
18.86,0.0012123447828817726,-0.4617089764245191
18.87,-0.0021045779680403057,-0.48233221036251533
18.88,-0.008434299424367258,-0.4389466005000087
18.89,-0.010883509978038913,-0.32504254598103904
18.900000000000002,-0.014935150343989055,-0.5184149267651949
18.91,-0.021251808513341783,-0.5575348900813842
18.92,-0.026085848145615976,-0.5150220758856141
18.93,-0.03155225003105362,-0.39933921553199303
18.94,-0.03407263245625462,-0.36019720162075264
18.95,-0.03875619406346775,-0.4987734547938856
18.96,-0.04404810155213234,-0.37800882153742243
18.97,-0.046316370494217114,-0.3694563677007592
18.98,-0.05143722890614839,-0.4952902627316611
18.990000000000002,-0.05622217574885189,-0.41800195716250377
19.0,-0.059797268049398715,-0.2989160579461596
19.01,-0.06220049690777453,-0.3414826878530026
19.02,-0.0666269218064579,-0.45223761140485186
19.03,-0.07124524913587145,-0.38391748236001666
19.04,-0.07430527145365863,-0.42845225465948555
19.05,-0.07981429422906185,-0.398039915544381
19.06,-0.08226606976454717,-0.29471340698325355
19.07,-0.08570856236872715,-0.3762977513887007
19.080000000000002,-0.08979202479232236,-0.3274968741895439
19.09,-0.09225849985251847,-0.3478173352454199
19.1,-0.09674837149723134,-0.31863434876571706
19.11,-0.0986311868278336,-0.2454976074140216
19.12,-0.10165832364551207,-0.4729293774644212
19.13,-0.10808977437712061,-0.258848114715617
19.14,-0.10683528593982156,-0.2862197987809214
19.150000000000002,-0.11381417035273994,-0.3586888001991646
19.16,-0.11400906194380711,-0.05315973493150583
19.17,-0.11487736505137029,-0.23008475903537118
19.18,-0.11861075712451341,-0.3576036980018298
19.19,-0.12202943901140663,-0.2596572570842266
19.2,-0.12380390226619842,-0.08380512290190634
19.21,-0.12370554146944407,-0.23730388385230317
19.22,-0.12854997994324263,-0.1781114817408982
19.23,-0.12726777110425977,-0.07705391095694303
19.240000000000002,-0.13009105816238173,-0.27347328716312624
19.25,-0.13273723684752226,-0.17071980332201342
19.26,-0.13350545422882126,-0.12237465626752186
19.27,-0.13518472997287231,-0.04539271116576593
19.28,-0.1344133084521357,-0.017029710387618913
19.29,-0.13552532418062402,-0.2203739077964375
19.3,-0.13882078660806513,-0.1344601271556929
19.31,-0.1382145267237392,-0.02140262758659972
19.32,-0.1392488391597977,0.03413926415237345
19.330000000000002,-0.13753174144069163,-0.06152875291106685
19.34,-0.14047941421801735,-0.008080297969275563
19.35,-0.1376933474000751,0.05581033720725426
19.36,-0.1393632074738707,-0.13474665405404807
19.37,-0.14038828048115576,-0.015055534888799293
19.38,-0.13966431817164732,0.04871712651629867
19.39,-0.13941393795082996,0.01435352574782467
19.400000000000002,-0.1393772476566908,0.10250937004718708
19.41,-0.13736375054988698,0.07342101837332482
19.42,-0.13790882728922524,-0.029357061971483134
19.43,-0.1379508917893168,0.14003466839802758
19.44,-0.13510813392126372,0.12960722773406808
19.45,-0.1353587472346344,0.10509089217672418
19.46,-0.13300631607772836,0.1812460170046366
19.47,-0.13173382689454136,0.1432941680979214
19.48,-0.1301404327157699,0.30726962404227276
19.490000000000002,-0.12558843441369494,0.22048340473310546
19.5,-0.12573076462110622,0.09845990083760547
19.51,-0.12361923639694208,0.10652376188804524
19.52,-0.12360028938334462,0.1648950468797734
19.53,-0.12032133545934552,0.3209025310740241
19.54,-0.11718223876186422,0.21398864079423596
19.55,-0.11604156264346162,0.27808358213398243
19.56,-0.11162056711918586,0.24518050865094843
19.57,-0.11113795247044415,0.20471092577354089
19.580000000000002,-0.1075263486037144,0.3052937485277356
19.59,-0.10503207749988917,0.30669609397814757
19.6,-0.10139242672415119,0.2907966945508065
19.61,-0.09921614360887265,0.2807579391284527
19.62,-0.0957772679415818,0.3314714034544455
19.63,-0.0925867155397838,0.2966203493534989
19.64,-0.08984486095451212,0.36411373924531
19.650000000000002,-0.08530444075487646,0.38459750418589245
19.66,-0.08215291087079395,0.31482488847579715
19.67,-0.07900794298536067,0.31726170484812943
19.68,-0.0758076767738315,0.401794633927524
19.69,-0.07097205030680977,0.373736322538087
19.7,-0.06833295032306914,0.31494387736136087
19.71,-0.06467317275958231,0.3928621787578819
19.72,-0.06047570674791187,0.4813561362428471
19.73,-0.055046050034725146,0.3139183035390736
19.740000000000002,-0.05419734067712942,0.34443226303662433
19.75,-0.04815740477399465,0.3673423556006514
19.76,-0.04685049356511822,0.3711812351456363
19.77,-0.04073378007108379,0.5756601621161384
19.78,-0.03533729032279596,0.41886074819902497
19.79,-0.032356565107102615,0.33771484033853194
19.8,-0.028582993516025182,0.35772856098988104
19.81,-0.025201993887305006,0.405049038833837
19.82,-0.02048201273934814,0.42888423097606465
19.830000000000002,-0.016624309267782373,0.37364092120643033
19.84,-0.013009194315219606,0.4132156869619206
19.85,-0.008359995528543768,0.46452218701327286
19.86,-0.0037187505749543413,0.39121570809931766
19.87,-0.0005356813665580997,0.3642053786651107
19.88,0.0035653569983473913,0.38371697533307103
19.89,0.00713865814010297,0.47171917552226417
19.900000000000002,0.012999740508794148,0.5052152351659953
19.91,0.017242962843423235,0.3996163987719603
19.92,0.020992068484233007,0.4258137340658097
19.93,0.02575923752473888,0.39455885376145217
19.94,0.0288832455594613,0.36966222867965515
19.95,0.033152482098331416,0.4053061762644443
19.96,0.03698936908474986,0.3661388335947626
19.97,0.04047525877022664,0.3440187736998497
19.98,0.043869744558746676,0.49610382960811883
19.990000000000002,0.05039733536239056,0.37946775437424973
20.0,0.05145909964623345,0.10617642838430977
